name,cu_cnnz,gust,cu,ocean,bucket
bcsstm01,48,0.19200000000000692,0.2290000000000417,0.126272,"小
(<1K)"
bcsstm02,66,0.20099999999990786,0.2350000000000136,0.122176,"小
(<1K)"
bcsstm03,112,0.19800000000009244,0.24700000000007072,0.129408,"小
(<1K)"
bcsstm04,132,0.2139999999999415,0.24599999999998085,0.130944,"小
(<1K)"
bcsstm22,138,0.19899999999995524,0.24700000000007089,0.129184,"小
(<1K)"
bcsstm05,153,0.2029999999999742,0.24500000000000444,0.12992,"小
(<1K)"
bcspwr01,275,0.19600000000002601,0.2429999999999381,0.145984,"小
(<1K)"
can_24,336,0.204999999999927,0.23000000000001808,0.145696,"小
(<1K)"
bcspwr02,403,0.20800000000008342,0.24000000000000887,0.145504,"小
(<1K)"
bcsstm06,420,0.23500000000001325,0.27999999999997266,0.12272,"小
(<1K)"
can_62,482,0.20699999999999347,0.24599999999998082,0.14608,"小
(<1K)"
bcsstm20,485,0.1989999999999552,0.24999999999999983,0.130144,"小
(<1K)"
bcsstm19,817,0.1999999999999315,0.25899999999990064,0.129632,"小
(<1K)"
bcsstk03,1072,0.2799999999999726,0.23700000000007992,0.129664,"中
(1K-10K)"
bcsstm08,1074,0.21399999999994157,0.24900000000002356,0.128192,"中
(1K-10K)"
bcsstm09,1083,0.20399999999995064,0.26099999999996715,0.13072,"中
(1K-10K)"
bcspwr03,1270,0.20699999999999327,0.2419999999999617,0.154912,"中
(1K-10K)"
bcsstk01,1292,0.26499999999998625,0.24300000000005173,0.285856,"中
(1K-10K)"
ash85,1317,0.2730000000000243,0.24400000000002797,0.153472,"中
(1K-10K)"
can_73,1377,0.23800000000005622,0.26999999999998164,0.148704,"中
(1K-10K)"
bcsstm11,1473,0.2060000000000171,0.26599999999996254,0.13152,"中
(1K-10K)"
bcsstk22,1552,0.2690000000000052,0.2530000000000426,0.15488,"中
(1K-10K)"
can_61,1793,0.27500000000009067,0.2409999999999854,0.284608,"中
(1K-10K)"
can_96,1920,0.2579999999999242,0.23800000000005617,0.29616,"中
(1K-10K)"
bcsstm26,1922,0.2189999999999369,0.27499999999997715,0.130432,"中
(1K-10K)"
bcsstm23,3134,0.26499999999998614,0.24900000000002354,0.131136,"中
(1K-10K)"
can_144,3456,0.2650000000000997,0.24800000000004713,0.291968,"中
(1K-10K)"
bcsstm24,3562,0.2780000000000197,0.25499999999999523,0.12944,"中
(1K-10K)"
bcsstm21,3600,0.27899999999999603,0.2620000000000572,0.131552,"中
(1K-10K)"
can_187,3719,0.2719999999999342,0.2510000000000899,0.29344,"中
(1K-10K)"
can_161,3761,0.27599999999995334,0.2530000000000426,0.29344,"中
(1K-10K)"
494_bus,4062,0.2759999999999534,0.25599999999997153,0.155072,"中
(1K-10K)"
bcspwr05,4249,0.272000000000048,0.2559999999999717,0.153888,"中
(1K-10K)"
bcsstk02,4356,0.6559999999999488,0.2859999999999442,0.561888,"中
(1K-10K)"
bcspwr04,4982,0.27899999999999603,0.26500000000009993,0.163104,"中
(1K-10K)"
can_229,5017,0.2819999999999252,0.254000000000019,0.292352,"中
(1K-10K)"
bcsstk20,5545,0.3120000000000115,0.2570000000000617,0.160512,"中
(1K-10K)"
ash292,6042,0.27999999999997244,0.2659999999999626,0.164864,"中
(1K-10K)"
662_bus,6480,0.2789999999999961,0.2590000000000144,0.160832,"中
(1K-10K)"
bcsstk05,7245,0.3130000000001016,0.2559999999999716,0.28912,"中
(1K-10K)"
685_bus,9337,0.27800000000001973,0.2599999999999908,0.161408,"中
(1K-10K)"
bp_0,9384,0.30299999999999694,0.26799999999991525,0.186528,"中
(1K-10K)"
1138_bus,11142,0.28300000000001524,0.26299999999991985,0.180192,"大
(10K-100K)"
can_445,11193,0.29500000000007254,0.26000000000010454,0.295936,"大
(10K-100K)"
can_292,11670,0.28700000000003445,0.2760000000000671,0.305024,"大
(10K-100K)"
bcsstk04,11968,0.5120000000000569,0.32599999999990803,0.336064,"大
(10K-100K)"
bp_200,13197,0.31500000000005424,0.27099999999995805,0.189984,"大
(10K-100K)"
bcspwr06,14110,0.2839999999999917,0.256999999999948,0.157952,"大
(10K-100K)"
bp_400,15238,0.3100000000000589,0.26699999999993895,0.186784,"大
(10K-100K)"
bcsstm25,15439,0.3039999999999734,0.26699999999993895,0.13552,"大
(10K-100K)"
can_268,15590,0.2980000000000016,0.268000000000029,0.301664,"大
(10K-100K)"
arc130,15631,0.31000000000005906,0.266999999999939,0.337888,"大
(10K-100K)"
bcspwr07,15684,0.287999999999897,0.2620000000000572,0.160992,"大
(10K-100K)"
bp_600,16464,0.3400000000000315,0.2920000000000299,0.190816,"大
(10K-100K)"
bcspwr08,16916,0.29499999999995885,0.26099999999996726,0.158848,"大
(10K-100K)"
bcsstk19,18305,0.3250000000000452,0.2880000000000107,0.2864,"大
(10K-100K)"
bcspwr09,18485,0.2880000000000108,0.2590000000000143,0.16304,"大
(10K-100K)"
can_256,18568,0.29999999999995447,0.2710000000000717,0.318912,"大
(10K-100K)"
bp_800,20224,0.3319999999999933,0.2630000000000335,0.195232,"大
(10K-100K)"
bp_1000,21373,0.3410000000000078,0.2690000000000053,0.197568,"大
(10K-100K)"
bp_1200,22313,0.3300000000000407,0.26299999999991985,0.196608,"大
(10K-100K)"
bcsstm07,22972,0.46499999999991787,0.3299999999999271,0.299616,"大
(10K-100K)"
bp_1400,23154,0.331000000000017,0.2669999999999389,0.195776,"大
(10K-100K)"
bp_1600,23625,0.33400000000005986,0.27700000000004343,0.208544,"大
(10K-100K)"
bcsstk07,23660,0.44400000000007334,0.31900000000007356,0.282368,"大
(10K-100K)"
bcsstk06,23660,0.4690000000000507,0.33400000000005986,0.323424,"大
(10K-100K)"
can_634,25446,0.5020000000000661,0.31699999999989337,0.313408,"大
(10K-100K)"
can_715,39785,0.5230000000000243,0.3659999999999852,0.315328,"大
(10K-100K)"
blckhole,41546,0.4580000000000834,0.31099999999992156,0.16448,"大
(10K-100K)"
can_838,51156,0.4650000000000315,0.32400000000006907,0.311104,"大
(10K-100K)"
bcsstm12,53615,0.6580000000000152,0.3289999999999507,0.309792,"大
(10K-100K)"
bcsstm10,54504,0.7830000000000152,0.36799999999993793,0.320288,"大
(10K-100K)"
bcsstk10,54504,0.7370000000000797,0.32699999999999807,0.323904,"大
(10K-100K)"
can_1054,60248,0.5649999999999407,0.3340000000000599,0.319232,"大
(10K-100K)"
bcspwr10,60498,0.5610000000000355,0.3390000000000554,0.181792,"大
(10K-100K)"
can_1072,62316,0.5639999999999642,0.3329999999999698,0.313952,"大
(10K-100K)"
bcsstk09,71289,0.6320000000000616,0.32899999999995067,0.279872,"大
(10K-100K)"
bcsstm13,90811,0.9160000000000535,0.44100000000003076,0.377824,"大
(10K-100K)"
bcsstk26,92530,0.8600000000000135,0.4139999999999872,0.32016,"大
(10K-100K)"
bcsstk21,93072,0.5159999999999623,0.31899999999995987,0.249056,"大
(10K-100K)"
bcsstk11,94187,0.8350000000000362,0.42499999999995447,0.34336,"大
(10K-100K)"
bcsstk12,94187,0.8520000000000888,0.4429999999999834,0.38608,"大
(10K-100K)"
bcsstm27,138106,1.2279999999999516,0.6180000000000516,0.371904,"巨大
(>100K)"
bcsstk27,138106,1.2179999999999607,0.6139999999999188,0.371584,"巨大
(>100K)"
bcsstk14,195654,1.373000000000047,0.7620000000000571,0.386048,"巨大
(>100K)"
bcsstk23,220632,0.9840000000000371,0.5099999999999907,0.345408,"巨大
(>100K)"
bcsstk08,305612,1.0040000000000189,0.5270000000000435,0.397536,"巨大
(>100K)"
bcsstk13,396773,1.609000000000037,0.7780000000000198,0.463168,"巨大
(>100K)"
bcsstk24,446474,2.1979999999999786,1.0699999999999363,0.42736,"巨大
(>100K)"
bcsstk15,527688,1.482999999999947,0.9950000000000045,0.359552,"巨大
(>100K)"
bcsstk28,596072,2.7369999999999663,1.2800000000000864,0.485248,"巨大
(>100K)"
bcsstk18,713208,1.2839999999999916,0.7690000000000055,0.393568,"巨大
(>100K)"
bcsstk16,1038782,3.897000000000048,1.5979999999999563,0.566208,"巨大
(>100K)"
bcsstk25,1168919,1.7899999999999636,1.0009999999999764,0.42352,"巨大
(>100K)"
bcsstk17,1406936,4.032000000000039,2.2000000000000455,0.585696,"巨大
(>100K)"
bcsstk29,1965686,6.044999999999959,2.8670000000000755,0.700256,"巨大
(>100K)"
bcsstk33,2569536,7.980000000000018,2.7490000000000236,1.27184,"巨大
(>100K)"
bcsstk31,4713580,8.893000000000029,5.023000000000025,1.03821,"巨大
(>100K)"
bcsstk32,6819653,17.697000000000003,8.442000000000007,1.50864,"巨大
(>100K)"
bcsstk30,8946070,30.19100000000003,9.026000000000067,2.11507,"巨大
(>100K)"
