matrix,n,sym,density_pct,cu,Auto,Auto_choice,Ocean,opSparse,HSMU,bhSparse,dense,cublas,cnnz
333SP,3712815,Y,0.0001,8.466,10.675,hash,6.154,12.067,14.31,80.882,DNF(big),DNF(big),71961733
3Dspectralwave,680943,N,0.0037,261.127,31.303,hash,56.117,DNF,104.165,87.62,DNF(big),DNF(big),195425175
3Dspectralwave2,292008,N,0.0086,28.313,13.244,hash,22.501,DNF,41.808,38.436,DNF(big),DNF(big),81767340
3dtube,45330,Y,0.0793,21.182,6.914,hash,3.768,9.039,11.226,30.545,21352.3,5495.58,23716476
AS365,3799275,Y,0.0001,9.225,11.813,hash,7.316,13.426,15.941,86.603,DNF(big),DNF(big),74616587
BenElechi1,245874,Y,0.0111,453.968,9.572,hash,6.997,9.242,11.769,20.175,DNF(big),DNF(big),36261344
Bump_2911,2911419,Y,0.0008,DNF,106.6,hash,77.745,114.626,127.245,285.681,DNF(big),DNF(big),560173611
CO,221119,Y,0.0081,35.458,18.274,hash,15.324,13.505,16.95,48.986,DNF(big),DNF(big),100124359
Chevron4,711450,N,0.0013,3.089,4.408,hash,2.708,5.085,4.8,18.042,DNF(big),DNF(big),17706328
CoupCons3D,416800,N,0.0128,779.711,19.271,hash,14.552,20.848,23.408,43.897,DNF(big),DNF(big),89148864
Cube_Coup_dt0,2164760,Y,0.0014,DNF,343.971,hash,87.763,123.74,134.682,278.281,DNF(big),DNF(big),552667840
CurlCurl_2,806529,Y,0.0007,11.821,6.562,hash,3.843,5.387,6.113,23.017,DNF(big),DNF(big),44546339
CurlCurl_3,1219574,Y,0.0005,17.55,9.838,hash,5.787,7.252,9.097,34.714,DNF(big),DNF(big),67920062
CurlCurl_4,2380515,Y,0.0003,34.208,18.483,hash,11.248,13.593,15.9,66.749,DNF(big),DNF(big),133384865
Dubcova3,146689,Y,0.0088,14.335,4.203,hash,2.187,3.068,4.014,9.789,DNF(big),DNF(big),17480761
Emilia_923,923136,Y,0.0025,1336.82,36.017,hash,25.208,38.508,43.035,81.295,DNF(big),DNF(big),179867448
F1,343791,Y,0.0115,DNF,69.234,hash,36.747,68.031,66.621,156.73,DNF(big),DNF(big),224484403
F2,71505,Y,0.0525,139.026,14.6,hash,7.455,11.945,12.721,26.416,DNF(big),DNF(big),39648121
FEM_3D_thermal2,147900,N,0.016,11.633,2.426,hash,1.83,2.889,3.022,9.323,DNF(big),DNF(big),14335500
Fault_639,638802,Y,0.0036,952.56,25.32,hash,17.66,26.442,30.273,62.842,DNF(big),DNF(big),126633024
Flan_1565,1564794,Y,0.0024,DNF,141.771,hash,108.363,145.551,146.444,368.531,DNF(big),DNF(big),509685948
Freescale1,3428755,N,0.0002,6.943,8.96,hash,5.041,8.186,10.31,74.254,DNF(big),DNF(big),45276331
Ga10As10H30,113081,Y,0.0244,697.168,26.514,hash,14.656,36.747,33.894,99.592,DNF(big),DNF(big),75156365
Ga19As19H42,133123,Y,0.0254,1522.01,46.348,hash,23.299,57.473,57.385,160.773,DNF(big),DNF(big),108051533
Ga3As3H12,61349,Y,0.0801,DNF,54.467,hash,37.149,194.828,197.915,194.028,DNF(big),DNF(big),62181563
Ga41As41H72,268096,Y,0.013,DNF,102.45,hash,52.14,131.394,146.753,327.499,DNF(big),DNF(big),231455088
GaAsH6,61349,Y,0.0457,DNF,21.354,hash,16.468,67.906,70.59,84.388,DNF(big),DNF(big),37611445
Ge87H76,112985,Y,0.0314,1083.458,40.716,hash,18.509,42.207,42.436,108.043,DNF(big),DNF(big),99053985
Ge99H100,112985,Y,0.0335,1214.032,44.53,hash,20.264,46.63,46.335,113.504,DNF(big),DNF(big),105811785
Geo_1438,1437960,Y,0.0016,DNF,54.48,hash,37.909,56.305,63.744,139.03,DNF(big),DNF(big),274478976
H2O,67024,Y,0.0254,10.416,5.135,hash,4.226,3.918,4.972,9.834,DNF(big),DNF(big),27691996
HTC_336_4438,226340,Y,0.0011,42.121,23.534,hash,15.572,165.425,35.409,240.31,DNF(big),DNF(big),83300312
HTC_336_9129,226340,Y,0.0011,36.234,24.199,hash,14.3,142.394,31.274,212.479,DNF(big),DNF(big),73626380
Hook_1498,1498023,Y,0.0014,DNF,59.323,hash,41.1,54.165,66.963,160.937,DNF(big),DNF(big),312415749
Long_Coup_dt6,1470152,Y,0.002,DNF,99.408,hash,65.035,90.784,98.377,271.822,DNF(big),DNF(big),388670368
M6,3501776,Y,0.0001,8.464,10.905,hash,6.742,12.365,15.787,78.645,DNF(big),DNF(big),68984930
ML_Laplace,377002,N,0.0195,1464.63,38.993,hash,19.115,29.513,32.148,75.15,DNF(big),DNF(big),95882884
NLR,4163763,Y,0.0001,10.102,13.164,hash,8.146,15.16,19.678,97.85,DNF(big),DNF(big),82016497
Reuters911,13332,Y,0.0833,10.021,5.51,hash,3.131,24.52,11.026,39.494,549.902,140.129,22466996
Serena,1391349,Y,0.0017,DNF,64.362,hash,46.451,62.746,72.497,162.602,DNF(big),DNF(big),315805689
Si10H16,17077,Y,0.1531,8.991,3.515,hash,2.192,4.173,4.62,12.76,1142.68,297.641,10860573
Si34H36,97569,Y,0.0276,393.544,22.235,hash,11.244,21.749,22.838,70.89,DNF(big),DNF(big),65211697
Si41Ge41H72,185639,Y,0.022,DNF,88.926,hash,44.985,113.153,151.122,258.724,DNF(big),DNF(big),173776869
Si87H76,240369,Y,0.0094,513.306,29.918,hash,21.732,30.588,34.604,93.198,DNF(big),DNF(big),141319585
SiO,33401,Y,0.0606,17.725,4.553,hash,3.078,4.556,5.684,17.335,8470.36,2210.82,15778377
SiO2,155331,Y,0.0237,DNF,241.427,hash,237.447,2339.695,864.161,841.202,DNF(big),DNF(big),104839083
Stanford_Berkeley,683446,N,0.0016,45.694,327.447,hash,119.775,3400.627,203.79,6069.88,DNF(big),DNF(big),78130972
StocF-1465,1465137,Y,0.0005,41.102,17.383,hash,8.788,11.605,16.335,74.461,DNF(big),DNF(big),93163361
TSC_OPF_1047,8140,Y,1.5281,1115.778,5.819,hash,6.311,11.89,16.328,42.169,129.22,35.286,8833332
TSC_OPF_300,9774,Y,0.4347,315.346,5.614,hash,4.519,30.828,7.876,43.888,220.826,60.526,20082452
TSOPF_FS_b300,29214,Y,0.2582,DNF,73.146,hash,123.61,1015.752,204.186,2848.11,5714.96,1491.09,212471856
TSOPF_FS_b300_c2,56814,Y,0.136,DNF,273.36,hash,401.098,DNF,752.995,DNF,DNF(big),DNF(big),805683050
TSOPF_FS_b39_c7,28216,Y,0.0463,DNF,25.43,hash,24.624,713.073,41.216,2621.67,5140.71,1292.39,199299980
TSOPF_FS_b9_c6,14454,Y,0.0363,26.036,8.837,hash,4.152,101.408,8.046,92.515,700.562,182.804,52372050
TSOPF_RS_b2052_c1,25626,N,1.0296,9.076,8.551,hash,4.605,11.682,13.408,67.814,3862.77,1002.08,30950093
TSOPF_RS_b2383,38120,N,1.1128,19.261,30.603,hash,10.191,36.606,40.453,154.729,12652.6,3154.76,74318317
TSOPF_RS_b2383_c1,38120,N,1.1128,19.273,30.589,hash,10.189,37.3,40.418,154.606,12651.6,3156.11,74318317
TSOPF_RS_b678_c2,35696,N,0.6892,9.924,8.909,hash,4.341,13.06,14.974,60.093,10334.3,2430.81,40139105
Zd_Jac2,22835,N,0.3151,13.141,5.41,hash,2.853,7.394,9.747,28.993,2743.18,718.941,15374812
Zd_Jac2_db,22835,N,0.1297,5.67,2.031,hash,1.235,3.395,2.946,8.52,2742.71,717.631,4106845
Zd_Jac3,22835,N,0.3675,18.432,6.467,hash,3.711,9.302,13.236,35.07,2743.08,720.068,17998654
Zd_Jac3_db,22835,N,0.1369,6.272,1.996,hash,1.3,2.01,2.951,8.091,2744.32,718.785,4196061
Zd_Jac6,22835,N,0.3283,14.716,5.956,hash,3.064,7.297,9.982,31.615,2741.79,721.008,15542117
Zd_Jac6_db,22835,N,0.1273,4.797,1.947,hash,1.169,2.25,2.801,7.262,2740.92,716.495,3750374
a0nsdsil,80016,Y,0.0031,30.239,15.561,hash,16.97,265.523,19.06,368.477,DNF(big),DNF(big),175955042
a2nnsnsl,80016,Y,0.0031,27.854,20.237,hash,15.93,195.196,34.279,182.311,DNF(big),DNF(big),158275840
a5esindl,60008,Y,0.004,26.987,12.567,hash,11.303,357.361,16.318,1858.88,DNF(big),DNF(big),175505062
af_0_k101,503625,Y,0.0036,386.53,11.297,hash,7.613,9.384,12.432,31.298,DNF(big),DNF(big),47472025
af_1_k101,503625,Y,0.0036,387.063,11.286,hash,7.603,9.832,12.438,30.739,DNF(big),DNF(big),47472025
af_2_k101,503625,Y,0.0036,389.708,11.274,hash,7.613,9.5,12.399,31.662,DNF(big),DNF(big),47472025
af_3_k101,503625,Y,0.0036,382.231,11.255,hash,7.682,9.696,12.461,31.474,DNF(big),DNF(big),47472025
af_4_k101,503625,Y,0.0036,382.877,11.257,hash,7.605,9.703,12.474,31.426,DNF(big),DNF(big),47472025
af_5_k101,503625,Y,0.0036,385.302,11.283,hash,7.624,9.757,12.359,31.215,DNF(big),DNF(big),47472025
af_shell1,504855,Y,0.0035,395.016,10.725,hash,7.786,10.035,12.466,31.546,DNF(big),DNF(big),47560375
af_shell10,1508065,Y,0.0012,1388.177,28.615,hash,23.109,26.322,35.089,105.087,DNF(big),DNF(big),142742975
af_shell2,504855,Y,0.0035,374.179,10.728,hash,7.779,10.15,12.717,35.1,DNF(big),DNF(big),47560375
af_shell3,504855,Y,0.0035,380.474,10.738,hash,7.806,10.081,12.473,32.178,DNF(big),DNF(big),47560375
af_shell4,504855,Y,0.0035,391.451,10.764,hash,7.775,10.272,13.067,35.712,DNF(big),DNF(big),47560375
af_shell5,504855,Y,0.0035,320.108,10.711,hash,7.776,10.119,12.716,35.779,DNF(big),DNF(big),47560375
af_shell6,504855,Y,0.0035,389.639,10.71,hash,7.8,9.773,12.546,31.789,DNF(big),DNF(big),47560375
af_shell7,504855,Y,0.0035,378.542,10.741,hash,7.778,9.821,12.338,31.891,DNF(big),DNF(big),47560375
af_shell8,504855,Y,0.0035,382.025,10.714,hash,7.791,10.229,12.512,31.787,DNF(big),DNF(big),47560375
af_shell9,504855,Y,0.0035,331.816,10.759,hash,7.793,9.984,12.483,31.934,DNF(big),DNF(big),47560375
appu,14000,N,0.9455,39.873,11.185,hash,6.483,314.687,19.15,122.029,634.456,158.435,133137482
atmosmodd,1270432,N,0.0005,3.899,4.134,hash,2.095,5.373,7.399,28.816,DNF(big),DNF(big),31215208
atmosmodj,1270432,N,0.0005,3.914,4.15,hash,2.135,4.672,7.459,28.577,DNF(big),DNF(big),31215208
atmosmodl,1489752,N,0.0005,4.513,4.35,hash,2.414,5.834,8.005,32.869,DNF(big),DNF(big),36486008
atmosmodm,1489752,N,0.0005,4.59,4.346,hash,2.415,6.149,8.041,32.966,DNF(big),DNF(big),36486008
audikw_1,943695,Y,0.0044,DNF,165.846,hash,95.807,179.904,186.552,480.563,DNF(big),DNF(big),662878935
auto,448695,Y,0.0016,14.449,5.416,hash,3.442,5.198,8.469,25.959,DNF(big),DNF(big),33050793
av41092,41092,N,0.0997,9.56,6.872,hash,4.92,27.337,11.598,40.615,15837.5,4038.36,20880048
bbmat,38744,N,0.118,7.011,3.239,hash,2.527,3.951,3.739,10.48,13290.9,3343.29,11551062
bcsstk30,28924,Y,0.1239,8.907,3.224,hash,2.277,4.63,4.539,9.182,5513.92,1412.86,8946070
bcsstk35,30237,Y,0.081,6.42,1.683,hash,1.274,2.238,2.763,6.028,6337.58,1665.19,4580799
bcsstk36,23052,Y,0.1097,5.159,1.54,hash,1.157,1.995,2.317,3.67,2820.19,713.427,3634868
bcsstk39,46772,Y,0.0488,8.338,2.124,hash,1.455,3.326,2.45,4.341,23411.1,5957.49,5890924
bloweya,30004,Y,0.0089,16.121,7.073,hash,5.114,257.015,8.895,239.946,6191.29,1582.48,100360010
bloweybl,30003,Y,0.0078,15.99,6.269,hash,4.317,254.229,7.732,160.59,6208.47,1625.18,100259987
bloweybq,10001,Y,0.04,15.357,11.272,hash,3.954,245.583,7.842,73.265,237.964,64.796,100020001
bmw3_2,227362,Y,0.0111,383.055,9.683,hash,6.87,10.838,12.466,28.643,DNF(big),DNF(big),36053036
bmw7st_1,141347,Y,0.0187,26.931,6.623,hash,4.82,6.983,8.868,20.065,DNF(big),DNF(big),23574259
bmwcra_1,148770,Y,0.0244,518.71,13.762,hash,9.962,14.538,15.544,40.438,DNF(big),DNF(big),49683708
bone010,986703,Y,0.0037,DNF,80.341,hash,59.243,88.565,91.431,207.014,DNF(big),DNF(big),315860373
boneS01,127224,Y,0.0211,26.012,6.844,hash,4.788,8.528,8.803,17.139,DNF(big),DNF(big),25515702
boneS10,914898,Y,0.0034,DNF,56.0,hash,40.648,67.423,67.641,147.278,DNF(big),DNF(big),223561566
brainpc2,27607,Y,0.0127,202.283,10.806,hash,10.674,876.208,14.331,2144.61,4849.22,1275.28,190743619
bundle1,10581,Y,0.349,306.129,6.191,hash,4.254,19.926,14.205,33.479,281.896,76.869,24072923
c-43,11125,Y,0.0545,10.128,2.847,hash,2.0,6.332,8.153,27.801,337.573,87.518,10157553
c-45,13206,Y,0.0538,15.616,4.211,hash,2.86,8.908,10.48,29.429,597.831,140.246,16018374
c-53,30235,Y,0.022,31.352,6.106,hash,5.793,52.338,17.522,88.513,6340.42,1677.75,43353305
c-57,37833,Y,0.0155,365.574,17.51,hash,16.36,538.25,22.124,521.6,12423.3,3231.18,177766591
c-58,37595,Y,0.0209,9.33,8.322,hash,6.063,59.214,15.523,92.254,12179.4,3173.31,40461781
c-62,41731,Y,0.0173,8.97,7.09,hash,5.613,52.876,11.868,95.345,16620.6,4352.35,38084477
c-62ghs,41731,Y,0.0173,8.099,6.95,hash,5.65,51.361,12.075,96.392,16614.5,4347.91,38084477
c-64,51035,Y,0.0148,DNF,21.682,hash,20.777,379.072,36.784,329.738,DNF(big),DNF(big),155006041
c-64b,51035,Y,0.0148,DNF,21.602,hash,20.824,371.657,36.389,326.809,DNF(big),DNF(big),155006041
c-66,49989,Y,0.011,9.534,7.827,hash,5.048,52.635,12.839,99.823,28570.0,7445.94,41844075
c-66b,49989,Y,0.011,10.441,7.779,hash,4.961,50.459,12.731,103.166,28578.3,7450.33,41844075
c-67,57975,Y,0.0088,16.385,8.965,hash,4.869,32.095,19.662,82.59,DNF(big),DNF(big),41530117
c-67b,57975,Y,0.0088,16.395,9.447,hash,4.871,32.29,19.648,82.508,DNF(big),DNF(big),41530117
c-71,76638,Y,0.008,11.109,15.063,hash,9.075,105.068,14.59,158.112,DNF(big),DNF(big),52538716
c-73,169422,Y,0.0025,DNF,79.421,hash,85.521,DNF,120.474,DNF,DNF(big),DNF(big),1705845986
c-73b,169422,Y,0.0025,DNF,78.374,hash,85.908,DNF,120.305,DNF,DNF(big),DNF(big),1705845986
c-big,345241,Y,0.0011,242.664,291.616,hash,59.956,DNF,67.461,DNF,DNF(big),DNF(big),447991461
cage13,445315,N,0.0038,20.029,9.267,hash,5.707,7.466,9.957,32.845,DNF(big),DNF(big),60593139
cage14,1505785,N,0.0012,215.524,37.038,hash,22.026,25.605,35.306,114.164,DNF(big),DNF(big),236999813
cage15,5154859,N,0.0004,DNF,148.44,hash,90.825,96.434,136.596,422.674,DNF(big),DNF(big),929023247
cant,62451,Y,0.0522,14.595,4.504,hash,3.933,5.338,5.756,11.242,DNF(big),DNF(big),17440029
case39,40216,Y,0.0325,DNF,50.946,hash,42.898,DNF,61.408,DNF,14893.1,3738.06,404705284
case9,14454,Y,0.0363,25.91,8.858,hash,4.166,99.991,7.843,87.125,700.565,182.706,52372050
cfd2,123440,Y,0.0105,10.936,2.671,hash,1.867,10.831,3.166,8.236,DNF(big),DNF(big),13418644
circuit_4,80209,N,0.0048,14.965,16.955,hash,10.09,117.171,30.852,170.284,DNF(big),DNF(big),87091024
cnr-2000,325557,N,0.003,DNF,9.658,hash,4.223,9.231,10.796,50.972,DNF(big),DNF(big),34174066
conf5_4-8x8-05,49152,N,0.0793,8.326,2.128,hash,1.639,3.325,2.636,4.006,26883.5,6163.94,10911744
conf5_4-8x8-10,49152,N,0.0793,8.324,2.117,hash,1.638,2.689,2.658,4.014,26869.3,6164.66,10911744
conf5_4-8x8-15,49152,N,0.0793,8.392,2.113,hash,1.639,2.939,2.648,3.977,26899.3,6169.18,10911744
conf5_4-8x8-20,49152,N,0.0793,8.332,2.119,hash,1.639,3.076,2.656,4.011,26734.5,6133.97,10911744
conf6_0-8x8-20,49152,N,0.0793,8.266,2.125,hash,1.64,2.889,2.622,3.971,26722.8,6130.99,10911744
conf6_0-8x8-30,49152,N,0.0793,8.307,2.115,hash,1.636,3.163,2.623,3.977,26875.1,6163.28,10911744
conf6_0-8x8-80,49152,N,0.0793,10.284,2.114,hash,1.638,3.019,2.649,3.957,26874.2,6164.03,10911744
consph,83334,Y,0.0439,155.386,7.756,hash,5.653,7.687,8.718,16.895,DNF(big),DNF(big),26539736
cop20k_A,121192,Y,0.0093,DNF,3.397,hash,2.417,3.153,4.178,9.061,DNF(big),DNF(big),18705069
crankseg_1,52804,Y,0.1913,DNF,36.337,hash,18.348,51.115,52.432,98.617,DNF(big),DNF(big),75096904
crankseg_2,63838,Y,0.1744,DNF,56.772,hash,27.751,85.686,79.271,154.237,DNF(big),DNF(big),104590168
crplat2,18010,Y,0.1509,4.021,1.039,hash,0.991,2.2,1.735,2.073,1336.37,342.317,2722222
crystk02,13965,Y,0.2519,4.412,1.691,hash,1.233,2.439,2.175,3.399,632.359,166.862,3925701
crystk03,24696,Y,0.1456,6.908,2.407,hash,1.779,3.039,3.132,5.378,3416.48,848.252,7240266
ct20stif,52329,Y,0.0502,10.177,3.016,hash,2.208,3.846,4.244,8.034,DNF(big),DNF(big),10016951
delaunay_n21,2097152,Y,0.0001,5.251,6.283,hash,3.355,6.994,8.454,50.176,DNF(big),DNF(big),43417524
delaunay_n22,4194304,Y,0.0001,9.811,12.162,hash,6.539,13.168,14.629,97.786,DNF(big),DNF(big),86836968
delaunay_n23,8388608,Y,0.0,19.678,23.923,hash,12.937,25.189,24.387,254.176,DNF(big),DNF(big),173665202
delaunay_n24,16777216,Y,0.0,184.402,47.772,hash,25.639,49.653,53.988,383.822,DNF(big),DNF(big),347322258
dielFilterV2clx,607232,Y,0.0035,883.687,35.907,hash,26.677,30.782,36.905,89.048,DNF(big),DNF(big),177614928
dielFilterV2real,1157456,Y,0.0019,DNF,67.353,hash,48.444,55.322,65.576,155.251,DNF(big),DNF(big),325027200
dielFilterV3clx,420408,Y,0.0094,DNF,128.219,hash,43.882,73.311,74.297,159.309,DNF(big),DNF(big),247299354
dielFilterV3real,1102824,Y,0.0037,DNF,287.53,hash,156.043,204.656,206.522,439.344,DNF(big),DNF(big),688649400
email-Enron,36692,Y,0.0137,7.577,5.429,hash,3.552,28.644,10.883,53.334,11360.6,2896.9,30492154
eu-2005,862664,N,0.0026,DNF,62.439,hash,37.165,65.54,68.034,256.134,DNF(big),DNF(big),284177131
ex11,16614,N,0.3974,4.912,1.686,hash,1.347,1.901,2.375,3.798,1060.57,271.001,4517874
exdata_1,6001,Y,3.1594,DNF,14.516,hash,10.304,101.094,41.225,128.754,54.954,17.533,11275501
fcondp2,201822,Y,0.0141,416.684,9.178,hash,6.772,9.966,11.1,21.562,DNF(big),DNF(big),34783596
fem_filter,74062,N,0.0316,40.672,7.125,hash,3.266,7.002,6.491,19.101,DNF(big),DNF(big),8424292
fem_hifreq_circuit,491100,N,0.0084,575.367,25.136,hash,19.434,23.113,26.791,65.926,DNF(big),DNF(big),134838250
filter3D,106437,Y,0.0124,11.135,3.938,hash,2.675,3.538,4.621,11.44,DNF(big),DNF(big),20161619
fp,7548,N,1.4894,34.506,3.31,hash,3.176,6.938,7.162,18.946,101.261,28.107,12283169
fullb,199187,Y,0.015,461.363,10.958,hash,7.811,12.241,13.047,24.161,DNF(big),DNF(big),39383685
gearbox,153746,Y,0.0195,366.46,9.388,hash,6.503,10.212,10.575,21.148,DNF(big),DNF(big),32671334
germany_osm,11548845,Y,0.0,DNF,13.675,hash,5.337,5.755,21.725,222.637,DNF(big),DNF(big),42720261
gsm_106857,589446,Y,0.0032,552.388,27.441,hash,20.312,24.142,32.39,65.932,DNF(big),DNF(big),132397052
gupta1,31802,Y,0.1086,DNF,39.721,hash,48.89,839.806,72.941,4171.79,7312.05,1920.74,314251254
gupta2,62064,Y,0.056,DNF,98.077,hash,100.417,DNF,151.012,DNF,DNF(big),DNF(big),601205878
gupta3,16783,Y,1.658,DNF,151.629,hash,223.242,1581.527,425.668,DNF,1111.42,299.118,270864545
gyro,17361,Y,0.1723,5.2,2.411,hash,1.639,10.461,3.38,6.375,1215.96,313.86,5777919
gyro_k,17361,Y,0.1723,5.098,2.386,hash,1.64,2.344,3.38,6.336,1217.39,313.913,5777919
halfb,224617,Y,0.0125,459.876,10.387,hash,7.484,11.68,12.837,24.493,DNF(big),DNF(big),38939969
hangGlider_3,10260,Y,0.0467,13.232,9.78,hash,4.051,186.856,8.499,74.602,255.595,69.395,83182632
hangGlider_4,15561,Y,0.0327,29.887,7.191,hash,9.308,646.624,18.493,177.065,876.34,234.284,191342279
hangGlider_5,16011,Y,0.032,32.446,7.422,hash,7.506,1052.202,20.556,185.121,955.454,257.305,202569269
hood,220542,Y,0.0113,357.769,8.895,hash,6.431,9.571,11.453,17.12,DNF(big),DNF(big),34242180
hugebubbles-00000,18318143,Y,0.0,DNF,28.828,hash,11.068,9.906,37.093,327.488,DNF(big),DNF(big),113009849
hugebubbles-00010,19458087,Y,0.0,DNF,36.886,hash,14.482,12.75,34.062,509.597,DNF(big),DNF(big),121526577
hugebubbles-00020,21198119,Y,0.0,DNF,39.822,hash,15.538,13.552,45.694,392.209,DNF(big),DNF(big),132690161
hugetrace-00010,12057441,Y,0.0,DNF,19.734,hash,7.317,7.248,24.612,221.349,DNF(big),DNF(big),74977771
hugetrace-00020,16002413,Y,0.0,DNF,27.53,hash,10.242,9.142,33.299,291.317,DNF(big),DNF(big),99652167
hugetric-00010,6592765,Y,0.0,5.104,12.102,hash,4.505,4.596,14.491,177.781,DNF(big),DNF(big),41276239
hugetric-00020,7122792,Y,0.0,5.449,13.043,hash,4.899,4.993,15.706,132.266,DNF(big),DNF(big),44609736
iChem_Jacobian,274087,N,0.0055,8.922,3.169,hash,2.09,3.664,4.122,14.329,DNF(big),DNF(big),18823983
in-2004,1382908,N,0.0009,DNF,97.61,hash,32.095,75.438,874.464,317.818,DNF(big),DNF(big),213255458
inline_1,503712,Y,0.0074,DNF,89.462,hash,47.848,69.079,72.64,175.333,DNF(big),DNF(big),253084638
invextr1_new,30412,N,0.194,10.644,4.07,hash,2.651,3.824,4.517,8.382,6457.53,1652.73,10570908
kim2,456976,N,0.0054,35.595,6.517,hash,5.1,5.319,8.562,25.486,DNF(big),DNF(big),36640356
kkt_power,2063494,Y,0.0002,26.296,27.395,hash,9.95,10.147,19.175,81.583,DNF(big),DNF(big),93265642
laminar_duct3D,67173,N,0.0849,16.005,4.968,hash,5.365,4.566,5.915,11.303,DNF(big),DNF(big),18934077
largebasis,440020,N,0.0029,3.906,3.51,hash,2.225,3.627,3.962,15.413,DNF(big),DNF(big),17040280
ldoor,952203,Y,0.0026,DNF,35.8,hash,26.299,36.833,42.845,83.323,DNF(big),DNF(big),145422935
li,22695,N,0.2622,6.54,3.516,hash,2.072,3.414,3.416,6.301,2688.91,708.181,8548665
lowThrust_10,18260,Y,0.0348,15.118,5.268,hash,4.124,96.223,6.213,87.601,1406.03,355.4,51144876
lowThrust_11,18368,Y,0.0347,15.767,5.272,hash,4.245,96.09,6.415,88.73,1411.74,334.071,51750248
lowThrust_12,18458,Y,0.0345,15.502,5.396,hash,3.584,102.144,8.56,89.23,1450.18,373.621,52253242
lowThrust_13,18476,Y,0.0344,16.062,5.402,hash,3.511,99.817,8.664,88.922,1440.5,366.369,52354998
lowThrust_4,13562,Y,0.0458,7.996,6.911,hash,2.691,40.23,4.73,46.888,572.845,150.665,28327028
lowThrust_5,16262,Y,0.0392,11.84,4.452,hash,3.585,67.606,5.612,62.544,997.073,260.099,40638712
lowThrust_6,16928,Y,0.0378,12.575,4.749,hash,3.186,74.928,6.25,65.509,1111.17,263.615,44013134
lowThrust_7,17378,Y,0.0366,13.258,4.81,hash,3.945,81.531,6.929,68.668,1210.27,311.838,46358098
lowThrust_8,17702,Y,0.0361,13.755,5.036,hash,3.532,87.533,5.717,84.551,1280.13,329.823,48095374
lowThrust_9,18044,Y,0.0353,14.611,5.225,hash,3.657,92.326,7.705,86.468,1346.7,341.446,49951688
m14b,214765,Y,0.0036,8.0,2.791,hash,1.842,3.024,4.023,12.231,DNF(big),DNF(big),16384417
m_t1,97578,Y,0.0517,688.911,15.975,hash,9.135,13.437,15.604,30.404,DNF(big),DNF(big),36533142
mixtank_new,29957,N,0.2223,12.263,4.289,hash,2.811,5.082,4.711,8.984,6169.23,1620.34,11989523
mono_500Hz,169410,N,0.0175,24.724,8.04,hash,5.618,7.216,8.946,23.66,DNF(big),DNF(big),41377964
mouse_gene,45101,Y,0.7132,DNF,598.911,hash,1866.701,DNF,2889.511,DNF,20916.9,5523.96,482594045
msc10848,10848,Y,0.5271,8.895,3.429,hash,2.12,3.911,5.018,10.097,294.932,72.023,6185646
msc23052,23052,Y,0.1108,5.026,1.558,hash,1.109,1.924,2.287,3.228,2818.74,712.1,3646256
msdoor,415863,Y,0.006,668.251,16.055,hash,11.809,16.801,19.699,30.833,DNF(big),DNF(big),62822459
mult_dcop_01,25187,N,0.0305,210.42,19.581,hash,14.731,DNF,28.153,DNF,3698.13,986.85,518559249
mult_dcop_02,25187,N,0.0305,152.955,19.535,hash,14.445,DNF,28.289,DNF,3692.21,986.85,518559249
mult_dcop_03,25187,N,0.0305,306.068,20.105,hash,14.376,DNF,27.868,DNF,3697.22,986.374,518559199
nasasrb,54870,Y,0.0454,10.042,2.811,hash,1.851,3.409,3.452,7.009,DNF(big),DNF(big),8334386
nd12k,36000,Y,0.55,DNF,70.762,hash,33.715,102.742,86.885,223.931,10584.0,2457.81,90906894
nd24k,72000,Y,0.2777,DNF,150.608,hash,80.041,211.868,179.008,457.253,DNF(big),DNF(big),189190604
nd3k,9000,Y,2.0301,858.384,11.992,hash,7.109,16.98,18.654,49.484,171.698,45.364,18491738
nd6k,18000,Y,1.0672,DNF,29.29,hash,14.732,45.507,40.732,107.429,1335.1,319.725,42198384
nemeth01,9506,Y,0.4064,3.175,0.587,hash,0.747,1.893,1.763,2.245,201.563,54.884,1721872
nemeth18,9506,Y,0.3899,2.757,0.551,hash,0.699,1.8,1.44,2.073,201.577,54.824,1465122
nemeth19,9506,Y,0.458,3.399,0.637,hash,0.801,1.914,1.964,2.46,201.724,54.966,1784266
nemeth20,9506,Y,0.543,4.213,1.051,hash,0.977,1.769,2.01,2.88,202.043,54.938,2172140
nemeth21,9506,Y,0.6547,5.427,1.87,hash,1.172,1.858,2.623,4.525,202.275,55.057,2580092
nemeth22,9506,Y,0.7571,8.466,1.972,hash,1.332,2.981,3.06,5.795,202.045,55.019,3059696
nemeth23,9506,Y,0.839,10.39,2.33,hash,1.464,2.633,3.536,6.704,202.228,55.002,3441280
nemeth24,9506,Y,0.8389,10.489,2.332,hash,1.461,2.939,3.543,6.678,248.6,55.094,3486190
nemeth25,9506,Y,0.8417,10.574,2.344,hash,1.463,2.527,3.538,6.73,202.253,55.078,3486190
nemeth26,9506,Y,0.8417,10.522,2.342,hash,1.466,2.989,3.557,6.74,202.045,54.982,3486190
net100,29920,Y,0.1152,24.178,9.705,hash,8.765,202.958,19.867,84.343,6093.55,1478.85,121212652
net125,36720,Y,0.0969,35.776,13.663,hash,12.089,334.918,27.323,128.668,11242.0,2646.2,175086502
net150,43520,Y,0.0835,218.665,18.424,hash,17.214,525.092,43.098,202.742,18698.3,4323.95,238012852
net50,16320,Y,0.1805,8.923,4.683,hash,3.822,29.646,14.406,25.762,991.346,235.484,40622452
net75,23120,Y,0.1415,15.526,6.676,hash,5.193,92.226,19.769,53.082,2819.91,670.142,76391302
nlpkkt120,3542400,Y,0.0004,DNF,70.857,hash,55.734,57.687,80.36,216.776,DNF(big),DNF(big),523114664
nlpkkt80,1062400,Y,0.0013,452.757,29.042,hash,17.109,17.782,24.76,66.824,DNF(big),DNF(big),154663144
ns3Da,20414,N,0.403,14.016,4.908,hash,2.951,5.685,6.335,11.148,1944.03,496.691,12454346
offshore,259789,Y,0.0033,10.308,3.436,hash,2.422,3.889,4.782,16.214,DNF(big),DNF(big),23356245
ohne2,181343,N,0.0336,473.85,19.087,hash,11.941,26.669,34.148,72.334,DNF(big),DNF(big),72432047
oilpan,73752,Y,0.0337,12.97,3.049,hash,2.71,3.634,4.046,5.991,DNF(big),DNF(big),11609864
olafu,16146,Y,0.1978,4.338,1.682,hash,1.196,1.796,2.056,3.227,975.008,250.249,3388252
opt1,15449,Y,0.4077,12.701,4.103,hash,2.497,3.893,5.403,10.058,855.489,225.078,8224575
para-10,155924,N,0.0223,29.43,21.643,hash,9.162,105.388,24.071,85.554,DNF(big),DNF(big),78088896
para-4,153226,N,0.0227,27.081,15.752,hash,7.818,66.253,19.91,69.268,DNF(big),DNF(big),61572410
para-5,155924,N,0.0223,29.359,21.667,hash,9.159,105.479,23.837,172.872,DNF(big),DNF(big),78088896
para-6,155924,N,0.0223,29.3,21.693,hash,9.165,104.7,23.639,86.386,DNF(big),DNF(big),78088896
para-7,155924,N,0.0223,29.22,21.728,hash,9.177,104.637,23.798,85.442,DNF(big),DNF(big),78088896
para-8,155924,N,0.0223,29.434,21.702,hash,9.171,106.007,23.757,85.714,DNF(big),DNF(big),78088896
para-9,155924,N,0.0223,29.468,21.59,hash,9.178,105.475,23.781,85.736,DNF(big),DNF(big),78088896
patents,3774768,N,0.0001,DNF,10.171,hash,7.934,7.155,15.687,77.9,DNF(big),DNF(big),58921527
pattern1,19242,Y,1.2617,DNF,72.779,hash,76.55,708.66,288.331,1436.32,1650.66,428.02,203789090
pcrystk02,13965,Y,0.2519,4.044,1.688,hash,1.235,2.516,2.172,3.361,636.871,167.782,3925701
pcrystk03,24696,Y,0.1456,6.909,2.396,hash,1.796,2.981,3.105,5.384,3444.5,850.496,7240266
pct20stif,52329,Y,0.0502,10.257,3.041,hash,2.201,3.248,4.226,8.013,DNF(big),DNF(big),10016951
pdb1HYS,36417,Y,0.1652,361.55,8.322,hash,4.993,7.886,9.314,18.159,11052.0,2894.73,19594581
pf2177,9728,Y,0.3883,7.253,4.606,hash,2.147,9.149,7.315,14.142,213.894,53.952,19921122
pkustk01,22044,Y,0.103,4.401,1.68,hash,1.265,1.717,2.269,3.918,2453.91,626.705,3736764
pkustk02,10800,Y,0.3519,3.695,1.041,hash,1.198,1.791,2.225,3.013,290.387,72.552,2493288
pkustk03,63336,Y,0.0398,10.929,2.97,hash,2.132,3.308,3.824,6.533,DNF(big),DNF(big),8924832
pkustk04,55590,Y,0.0692,607.58,24.992,hash,20.399,128.612,72.721,110.019,DNF(big),DNF(big),164709684
pkustk05,37164,Y,0.0812,8.817,3.106,hash,2.148,3.182,3.848,7.398,11737.9,2993.63,9019080
pkustk06,43164,Y,0.0702,10.71,3.484,hash,2.469,3.451,4.289,8.265,18358.8,4720.33,10596384
pkustk07,16860,Y,0.4284,22.222,5.711,hash,3.631,6.31,8.188,14.671,1104.21,279.984,13944528
pkustk08,22209,Y,0.3293,362.534,7.658,hash,4.647,9.106,10.589,19.175,2523.05,665.583,18895419
pkustk09,33960,Y,0.0701,6.061,1.382,hash,1.309,2.199,3.336,3.997,8953.96,2240.05,4479768
pkustk10,80676,Y,0.0337,15.111,3.987,hash,2.875,4.228,4.695,8.243,DNF(big),DNF(big),12233304
pkustk11,87804,Y,0.0344,20.128,6.363,hash,4.432,6.478,7.643,15.348,DNF(big),DNF(big),21435768
pkustk12,94653,Y,0.0425,DNF,65.493,hash,68.652,682.519,202.34,DNF,DNF(big),DNF(big),474804911
pkustk13,94893,Y,0.0373,361.928,12.142,hash,7.702,10.81,12.317,26.207,DNF(big),DNF(big),39507999
pkustk14,151926,Y,0.0325,1295.405,28.052,hash,15.675,32.123,29.65,60.05,DNF(big),DNF(big),72584244
pli,22695,Y,0.1333,6.511,3.53,hash,2.071,2.504,3.394,6.194,2673.64,705.129,8548665
poisson3Db,85623,N,0.0324,11.028,4.519,hash,2.909,3.73,5.05,12.394,DNF(big),DNF(big),21855903
pre2,659033,N,0.0014,62.12,47.696,hash,15.166,43.731,51.607,98.274,DNF(big),DNF(big),323445872
pwtk,217918,Y,0.0125,402.564,8.502,hash,6.642,9.216,10.662,22.181,DNF(big),DNF(big),32772236
raefsky3,21200,N,0.3312,5.558,1.113,hash,1.237,2.566,2.319,3.543,2160.06,513.498,4053376
raefsky4,19779,Y,0.1723,5.782,2.016,hash,1.564,2.233,2.788,5.098,1774.81,465.114,5342569
rajat16,94294,N,0.0072,DNF,43.623,hash,51.522,DNF,61.163,DNF,DNF(big),DNF(big),891678715
rajat17,94294,N,0.0072,DNF,54.886,hash,51.223,DNF,59.094,DNF,DNF(big),DNF(big),891678715
rajat18,94294,N,0.0055,DNF,44.837,hash,46.499,DNF,55.627,DNF,DNF(big),DNF(big),878610938
rajat20,86916,N,0.008,DNF,39.414,hash,40.716,DNF,54.438,DNF,DNF(big),DNF(big),893444162
rajat25,87190,N,0.008,DNF,50.295,hash,41.239,DNF,54.811,DNF,DNF(big),DNF(big),898546696
rajat28,87190,N,0.008,DNF,41.271,hash,41.267,DNF,56.107,DNF,DNF(big),DNF(big),898546696
rajat31,4690002,N,0.0001,DNF,10.51,hash,6.189,5.112,29.108,106.135,DNF(big),DNF(big),53118754
ramage02,16830,Y,0.5089,352.636,6.324,hash,3.858,7.762,9.265,17.684,1084.38,280.337,14592198
rgg_n_2_19_s0,524288,Y,0.0012,6.442,5.584,hash,3.021,3.851,5.922,23.84,DNF(big),DNF(big),19604004
rgg_n_2_20_s0,1048576,Y,0.0006,13.967,10.5,hash,6.139,7.43,11.431,46.736,DNF(big),DNF(big),41709507
rgg_n_2_21_s0,2097152,Y,0.0003,34.611,20.662,hash,12.918,14.854,22.555,96.263,DNF(big),DNF(big),88491346
rgg_n_2_22_s0,4194304,Y,0.0002,513.943,41.329,hash,27.381,30.114,46.08,195.859,DNF(big),DNF(big),187016507
rma10,46835,N,0.1082,9.586,2.913,hash,2.03,3.208,3.916,7.001,23415.2,6100.68,7900917
road_central,14081816,Y,0.0,DNF,26.387,hash,8.864,8.652,25.24,267.267,DNF(big),DNF(big),69990710
road_usa,23947347,Y,0.0,DNF,38.159,hash,11.921,DNF,65.034,454.253,DNF(big),DNF(big),119546805
s3dkq4m2,90449,Y,0.03,16.442,3.733,hash,2.676,3.893,4.765,7.789,DNF(big),DNF(big),13282553
s3dkt3m2,90449,Y,0.0235,14.321,2.487,hash,2.166,2.855,3.327,6.58,DNF(big),DNF(big),10115975
ship_001,34920,Y,0.1919,471.681,10.069,hash,5.697,11.108,12.619,24.809,9651.48,2410.1,25600538
ship_003,121728,Y,0.0277,368.886,8.96,hash,6.488,10.634,11.018,22.312,DNF(big),DNF(big),32775938
shipsec1,140874,Y,0.02,143.487,6.608,hash,4.911,8.036,8.681,15.984,DNF(big),DNF(big),24086412
shipsec5,179860,Y,0.0159,373.589,8.85,hash,6.422,17.843,11.175,21.373,DNF(big),DNF(big),32339160
shipsec8,114919,Y,0.0256,23.949,6.373,hash,4.521,12.848,8.0,14.692,DNF(big),DNF(big),22723223
sinc18,16428,N,0.3608,9.731,3.771,hash,2.294,20.159,20.238,27.812,1017.67,258.822,46414219
sme3Da,12504,N,0.5596,6.109,2.664,hash,1.797,2.839,3.589,7.221,449.218,112.682,5837256
sme3Db,29067,N,0.2463,13.862,5.87,hash,3.512,5.764,6.814,12.474,5620.55,1479.86,15121755
sme3Dc,42930,N,0.1708,21.743,9.056,hash,5.018,8.813,10.146,18.019,18121.8,4696.72,22744224
soc-Slashdot0811,77360,N,0.0151,16.841,13.402,hash,8.834,97.846,24.144,165.354,DNF(big),DNF(big),78851659
soc-Slashdot0902,82168,N,0.014,17.746,14.572,hash,9.184,106.137,25.454,182.096,DNF(big),DNF(big),81362487
sparsine,50000,Y,0.032,7.263,3.619,hash,2.34,3.891,4.365,10.604,28433.9,7306.96,18662060
srb1,54924,Y,0.05,10.349,2.723,hash,1.966,2.978,3.682,7.014,DNF(big),DNF(big),8388936
std1_Jac2,21982,N,0.2584,9.091,4.461,hash,2.214,5.591,7.942,25.702,2436.77,631.441,11420032
std1_Jac3,21982,N,0.3013,13.791,4.948,hash,2.756,7.504,9.11,30.062,2437.23,628.678,13447461
std1_Jac3_db,21982,N,0.1101,3.763,1.559,hash,1.087,1.526,2.576,6.357,2436.29,623.958,3040112
t3dh,79171,Y,0.0353,16.989,6.246,hash,4.679,6.604,6.616,12.213,DNF(big),DNF(big),25021537
t3dh_a,79171,Y,0.0353,16.904,6.223,hash,4.645,6.235,6.645,12.276,DNF(big),DNF(big),25021537
t3dh_e,79171,Y,0.0353,17.322,6.224,hash,4.688,6.235,6.647,12.263,DNF(big),DNF(big),25021537
thermal2,1228045,Y,0.0003,3.86,3.983,hash,2.053,4.745,4.893,29.497,DNF(big),DNF(big),24018057
thread,29736,Y,0.2544,483.025,10.426,hash,6.168,12.356,12.543,24.231,5976.72,1497.34,24678162
torso1,116158,N,0.0631,DNF,188.587,hash,88.302,241.291,432.507,296.575,DNF(big),DNF(big),19600778
torso3,259156,N,0.0066,10.721,3.218,hash,2.268,3.784,3.913,14.949,DNF(big),DNF(big),21217298
trdheim,22098,Y,0.2004,8.058,2.912,hash,1.96,2.693,3.848,6.134,2488.08,643.696,6746796
troll,213453,Y,0.0134,458.53,11.568,hash,7.806,11.855,13.327,28.121,DNF(big),DNF(big),41778513
tsyl201,20685,Y,0.2893,16.028,3.562,hash,4.124,4.502,5.139,8.194,2046.57,532.064,8321013
vanbody,47072,Y,0.0538,9.47,2.884,hash,1.968,3.267,4.048,7.123,23641.3,5442.98,8053562
vsp_bcsstk30_500sep_10in_1Kout,58348,Y,0.0592,21.918,7.202,hash,5.037,8.707,11.566,15.678,DNF(big),DNF(big),18175907
vsp_befref_fxm_2_4_air02,14109,Y,0.0493,11.752,5.187,hash,2.974,54.507,5.47,33.623,654.111,173.578,38269513
vsp_model1_crew1_cr42_south31,45101,Y,0.0093,360.157,20.072,hash,16.871,1769.626,25.899,DNF,21067.6,5493.04,394768783
vsp_msc10848_300sep_100in_1Kout,21996,Y,0.2524,23.085,7.376,hash,4.151,7.78,10.68,30.025,2443.13,614.769,12828344
vsp_south31_slptsk,39668,Y,0.0121,391.902,18.659,hash,15.188,1756.011,26.674,DNF,14203.8,3662.33,389540274
water_tank,60740,N,0.0552,7.968,2.099,hash,1.462,2.343,2.663,4.43,DNF(big),DNF(big),7234227
wb-edu,9845725,N,0.0001,DNF,1258.986,hash,DNF,91.272,222.495,2664.9,DNF(big),DNF(big),630077764
web-BerkStan,685230,N,0.0016,25.352,16.415,hash,7.984,9.319,14.745,54.233,DNF(big),DNF(big),78350597
web-Google,916428,N,0.0006,7.529,12.457,hash,3.95,4.024,9.392,40.43,DNF(big),DNF(big),29710164
web-NotreDame,325729,N,0.0014,DNF,10.266,hash,4.741,27.801,11.311,57.775,DNF(big),DNF(big),16801350
webbase-1M,1000005,N,0.0003,9.512,45.594,hash,17.289,14.038,44.474,81.099,DNF(big),DNF(big),51111996
windscreen,22692,Y,0.1461,6.664,2.158,hash,1.497,2.688,2.651,4.298,2675.75,683.341,5613426
x104,108384,Y,0.0437,678.922,13.632,hash,9.203,14.752,16.391,33.787,DNF(big),DNF(big),38701728
xenon2,157464,N,0.0156,13.306,2.912,hash,2.052,2.773,3.596,9.088,DNF(big),DNF(big),14037210
