name,class,tag,n,A_nnz,h2d,csc,count,scan,expand,workest,compute,copy,sort,reduce,final,numeric,pack,d2h
cage3,Dense,cu,5,19,0.09999999999990905,,,,,0.10000000000002274,0.10000000000002274,0.10000000000002274,,,,,0.0,0.8999999999999773
cage3,Dense,gust,5,19,0.10000000000002274,,0.0,0.10000000000002274,0.0,,,,0.10000000000002274,0.0,0.09999999999990905,,0.0,0.8000000000000682
cage3,Dense,outer,5,19,0.10000000000002274,0.10000000000002274,0.0,0.09999999999990905,0.0,,,,0.10000000000002274,0.0,0.10000000000002274,,0.0,0.7999999999999545
cage3,Dense,colw,5,19,0.1999999999999318,0.0,0.10000000000002274,0.0,0.0,,,,0.10000000000002274,0.0,0.10000000000002274,,0.0,0.7999999999999545
cage3,Dense,inner,5,19,0.20000000000004547,0.0,0.10000000000002274,0.0,0.0,,,,0.09999999999990905,0.0,0.10000000000002274,0.0,0.0,0.8000000000000682
rgg010,Dense,cu,10,76,0.10000000000002274,,,,,0.10000000000002274,0.1999999999999318,0.0,,,,,0.10000000000002274,0.7999999999999545
rgg010,Dense,gust,10,76,0.09999999999990905,,0.0,0.0,0.10000000000002274,,,,0.0,0.10000000000002274,0.0,,0.0,0.8999999999999773
rgg010,Dense,outer,10,76,0.10000000000002274,0.0,0.0,0.10000000000002274,0.0,,,,0.10000000000002274,0.0,0.10000000000002274,,0.0,0.7999999999999545
rgg010,Dense,colw,10,76,0.10000000000002274,0.10000000000002274,0.0,0.0,0.10000000000002274,,,,0.0,0.0,0.09999999999990905,,0.0,0.8000000000000682
rgg010,Dense,inner,10,76,0.10000000000002274,0.09999999999990905,0.0,0.10000000000002274,0.0,,,,0.0,0.10000000000002274,0.0,0.0,0.10000000000002274,0.7999999999999545
mbeaflw,Dense,cu,496,49920,0.1999999999999318,,,,,0.10000000000002274,0.6000000000000227,0.20000000000004547,,,,,0.0,1.5
mbeaflw,Dense,gust,496,49920,0.1999999999999318,,0.10000000000002274,0.0,0.5,,,,1.1000000000000227,0.20000000000004547,0.5,,0.09999999999990905,1.2000000000000455
mbeaflw,Dense,outer,496,49920,0.20000000000004547,0.39999999999997726,0.10000000000002274,0.0,0.2999999999999545,,,,1.0,0.3000000000000682,0.2999999999999545,,0.10000000000002274,1.1999999999999318
mbeaflw,Dense,colw,496,49920,0.20000000000004547,0.39999999999997726,0.10000000000002274,0.0,0.2999999999999545,,,,1.0,0.2999999999999545,0.3000000000000682,,0.10000000000002274,1.1999999999999318
mbeaflw,Dense,inner,496,49920,0.09999999999990905,0.40000000000009095,0.09999999999990905,0.0,0.6000000000000227,,,,1.0,0.20000000000004547,0.39999999999997726,0.39999999999997726,0.10000000000002274,1.2000000000000455
mesh1e1,Dense,cu,48,306,0.10000000000002274,,,,,0.0,0.1999999999999318,0.10000000000002274,,,,,0.0,0.7999999999999545
mesh1e1,Dense,gust,48,306,0.09999999999990905,,0.0,0.0,0.10000000000002274,,,,0.0,0.0,0.10000000000002274,,0.0,0.7999999999999545
mesh1e1,Dense,outer,48,306,0.10000000000002274,0.0,0.10000000000002274,0.0,0.0,,,,0.10000000000002274,0.0,0.0,,0.10000000000002274,0.7999999999999545
mesh1e1,Dense,colw,48,306,0.10000000000002274,0.0,0.10000000000002274,0.0,0.0,,,,0.10000000000002274,0.0,0.09999999999990905,,0.0,0.8000000000000682
mesh1e1,Dense,inner,48,306,0.0,0.10000000000002274,0.0,0.10000000000002274,0.0,,,,0.0,0.09999999999990905,0.0,0.10000000000002274,0.0,0.8000000000000682
tomography,Dense,cu,500,28726,0.09999999999990905,,,,,0.10000000000002274,0.5,0.10000000000002274,,,,,0.10000000000002274,1.1000000000000227
tomography,Dense,gust,500,28726,0.1999999999999318,,0.0,0.10000000000002274,0.3000000000000682,,,,0.6999999999999318,0.3000000000000682,0.39999999999997726,,0.10000000000002274,0.8999999999999773
tomography,Dense,outer,500,28726,0.10000000000002274,0.2999999999999545,0.0,0.10000000000002274,0.2999999999999545,,,,0.7000000000000455,0.20000000000004547,0.39999999999997726,,0.0,1.0
tomography,Dense,colw,500,28726,0.10000000000002274,0.3000000000000682,0.0,0.0,0.2999999999999545,,,,0.7999999999999545,0.20000000000004547,0.2999999999999545,,0.10000000000002274,0.8999999999999773
tomography,Dense,inner,500,28726,0.10000000000002274,0.2999999999999545,0.0,0.0,0.3000000000000682,,,,0.7999999999999545,0.20000000000004547,0.2999999999999545,0.2999999999999545,0.10000000000002274,0.8999999999999773
GD01_b,Dense,cu,18,37,0.10000000000002274,,,,,0.10000000000002274,0.1999999999999318,0.0,,,,,0.10000000000002274,0.7999999999999545
GD01_b,Dense,gust,18,37,0.10000000000002274,,0.09999999999990905,0.0,0.0,,,,0.10000000000002274,0.0,0.10000000000002274,,0.0,0.7999999999999545
GD01_b,Dense,outer,18,37,0.09999999999990905,0.0,0.10000000000002274,0.0,0.0,,,,0.10000000000002274,0.0,0.10000000000002274,,0.0,0.7999999999999545
GD01_b,Dense,colw,18,37,0.10000000000002274,0.10000000000002274,0.0,0.10000000000002274,0.0,,,,0.0,0.10000000000002274,0.0,,0.0,0.7999999999999545
GD01_b,Dense,inner,18,37,0.10000000000002274,0.10000000000002274,0.0,0.10000000000002274,0.0,,,,0.0,0.09999999999990905,0.0,0.0,0.10000000000002274,0.8000000000000682
lund_b,Dense,cu,147,2441,0.10000000000002274,,,,,0.10000000000002274,0.1999999999999318,0.10000000000002274,,,,,0.0,1.0
lund_b,Dense,gust,147,2441,0.10000000000002274,,0.0,0.10000000000002274,0.0,,,,0.09999999999990905,0.10000000000002274,0.0,,0.0,1.0
lund_b,Dense,outer,147,2441,0.10000000000002274,0.10000000000002274,0.10000000000002274,0.0,0.0,,,,0.1999999999999318,0.0,0.10000000000002274,,0.0,0.8999999999999773
lund_b,Dense,colw,147,2441,0.20000000000004547,0.10000000000002274,0.0,0.10000000000002274,0.0,,,,0.09999999999990905,0.10000000000002274,0.0,,0.0,0.8999999999999773
lund_b,Dense,inner,147,2441,0.1999999999999318,0.10000000000002274,0.0,0.10000000000002274,0.0,,,,0.10000000000002274,0.09999999999990905,0.0,0.0,0.10000000000002274,0.8000000000000682
polbooks,Mildly sparse,cu,105,882,0.10000000000002274,,,,,0.09999999999990905,0.20000000000004547,0.0,,,,,0.0,0.8999999999999773
polbooks,Mildly sparse,gust,105,882,0.0,,0.10000000000002274,0.0,0.0,,,,0.20000000000004547,0.0,0.0,,0.10000000000002274,0.6999999999999318
polbooks,Mildly sparse,outer,105,882,0.10000000000002274,0.10000000000002274,0.0,0.0,0.0,,,,0.10000000000002274,0.09999999999990905,0.0,,0.10000000000002274,0.8000000000000682
polbooks,Mildly sparse,colw,105,882,0.10000000000002274,0.09999999999990905,0.0,0.0,0.0,,,,0.10000000000002274,0.10000000000002274,0.0,,0.10000000000002274,0.6999999999999318
polbooks,Mildly sparse,inner,105,882,0.10000000000002274,0.0,0.10000000000002274,0.0,0.0,,,,0.10000000000002274,0.10000000000002274,0.0,0.0,0.09999999999990905,0.8000000000000682
impcol_b,Mildly sparse,cu,59,312,0.10000000000002274,,,,,0.10000000000002274,0.1999999999999318,0.0,,,,,0.10000000000002274,0.7999999999999545
impcol_b,Mildly sparse,gust,59,312,0.09999999999990905,,0.0,0.10000000000002274,0.0,,,,0.0,0.10000000000002274,0.0,,0.0,0.8999999999999773
impcol_b,Mildly sparse,outer,59,312,0.10000000000002274,0.10000000000002274,0.0,0.0,0.0,,,,0.10000000000002274,0.0,0.10000000000002274,,0.0,0.8999999999999773
impcol_b,Mildly sparse,colw,59,312,0.10000000000002274,0.0,0.10000000000002274,0.0,0.0,,,,0.09999999999990905,0.0,0.0,,0.10000000000002274,0.8000000000000682
impcol_b,Mildly sparse,inner,59,312,0.10000000000002274,0.09999999999990905,0.0,0.0,0.0,,,,0.10000000000002274,0.0,0.10000000000002274,0.0,0.0,0.8999999999999773
can_73,Mildly sparse,cu,73,377,0.10000000000002274,,,,,0.09999999999990905,0.20000000000004547,0.0,,,,,0.10000000000002274,0.7999999999999545
can_73,Mildly sparse,gust,73,377,0.10000000000002274,,0.0,0.10000000000002274,0.0,,,,0.0,0.10000000000002274,0.10000000000002274,,0.0,0.7999999999999545
can_73,Mildly sparse,outer,73,377,0.10000000000002274,0.10000000000002274,0.0,0.0,0.0,,,,0.10000000000002274,0.0,0.09999999999990905,,0.0,0.8000000000000682
can_73,Mildly sparse,colw,73,377,0.10000000000002274,0.09999999999990905,0.0,0.10000000000002274,0.0,,,,0.0,0.10000000000002274,0.0,,0.10000000000002274,0.7999999999999545
can_73,Mildly sparse,inner,73,377,0.10000000000002274,0.10000000000002274,0.0,0.0,0.0,,,,0.10000000000002274,0.0,0.10000000000002274,0.0,0.0,0.8999999999999773
cavity04,Mildly sparse,cu,317,7327,0.09999999999990905,,,,,0.10000000000002274,0.3000000000000682,0.09999999999990905,,,,,0.0,1.0
cavity04,Mildly sparse,gust,317,7327,0.1999999999999318,,0.0,0.0,0.20000000000004547,,,,0.20000000000004547,0.09999999999990905,0.20000000000004547,,0.0,0.7999999999999545
cavity04,Mildly sparse,outer,317,7327,0.10000000000002274,0.10000000000002274,0.0,0.10000000000002274,0.10000000000002274,,,,0.1999999999999318,0.10000000000002274,0.20000000000004547,,0.0,0.8999999999999773
cavity04,Mildly sparse,colw,317,7327,0.10000000000002274,0.10000000000002274,0.09999999999990905,0.0,0.10000000000002274,,,,0.3000000000000682,0.09999999999990905,0.10000000000002274,,0.0,0.8999999999999773
cavity04,Mildly sparse,inner,317,7327,0.09999999999990905,0.20000000000004547,0.0,0.0,0.20000000000004547,,,,0.2999999999999545,0.10000000000002274,0.10000000000002274,0.0,0.09999999999990905,0.8000000000000682
tumorAntiAngiogenesis_5,Mildly sparse,cu,460,4690,0.09999999999990905,,,,,0.0,0.40000000000009095,0.0,,,,,0.09999999999990905,1.1000000000000227
tumorAntiAngiogenesis_5,Mildly sparse,gust,460,4690,0.10000000000002274,,0.0,0.10000000000002274,0.1999999999999318,,,,0.20000000000004547,0.20000000000004547,0.1999999999999318,,0.0,1.0
tumorAntiAngiogenesis_5,Mildly sparse,outer,460,4690,0.10000000000002274,0.20000000000004547,0.09999999999990905,0.0,0.20000000000004547,,,,0.2999999999999545,0.20000000000004547,0.10000000000002274,,0.0,1.0
tumorAntiAngiogenesis_5,Mildly sparse,colw,460,4690,0.09999999999990905,0.3000000000000682,0.0,0.10000000000002274,0.09999999999990905,,,,0.3000000000000682,0.1999999999999318,0.10000000000002274,,0.0,1.0
tumorAntiAngiogenesis_5,Mildly sparse,inner,460,4690,0.20000000000004547,0.1999999999999318,0.0,0.10000000000002274,0.10000000000002274,,,,0.2999999999999545,0.20000000000004547,0.10000000000002274,0.1999999999999318,0.0,1.0
raefsky6,Mildly sparse,cu,3402,137845,0.3000000000000682,,,,,0.1999999999999318,0.6000000000000227,0.20000000000004547,,,,,0.09999999999990905,2.0
raefsky6,Mildly sparse,gust,3402,137845,0.20000000000004547,,0.10000000000002274,0.09999999999990905,0.3000000000000682,,,,0.7999999999999545,0.20000000000004547,0.5,,0.10000000000002274,1.6999999999999318
raefsky6,Mildly sparse,outer,3402,137845,0.1999999999999318,0.40000000000009095,0.0,0.09999999999990905,0.20000000000004547,,,,0.7000000000000455,0.1999999999999318,0.3000000000000682,,0.09999999999990905,1.8000000000000682
raefsky6,Mildly sparse,colw,3402,137845,0.3000000000000682,0.39999999999997726,0.0,0.0,0.1999999999999318,,,,0.8000000000000682,0.1999999999999318,0.3000000000000682,,0.10000000000002274,1.6999999999999318
raefsky6,Mildly sparse,inner,3402,137845,0.20000000000004547,0.39999999999997726,0.0,0.10000000000002274,0.20000000000004547,,,,0.7999999999999545,0.20000000000004547,0.2999999999999545,0.2999999999999545,0.10000000000002274,1.7000000000000455
nemeth20,Mildly sparse,cu,9506,971870,1.1999999999999318,,,,,0.39999999999997726,3.400000000000091,0.1999999999999318,,,,,0.10000000000002274,8.200000000000045
nemeth20,Mildly sparse,gust,9506,971870,1.2000000000000455,,0.1999999999999318,0.0,1.3000000000000682,,,,12.5,1.1000000000000227,1.2999999999999545,,0.10000000000002274,7.199999999999932
nemeth20,Mildly sparse,outer,9506,971870,1.2000000000000455,0.5,0.0,0.0,1.0,,,,12.399999999999977,1.2000000000000455,0.8999999999999773,,0.10000000000002274,7.199999999999932
nemeth20,Mildly sparse,colw,9506,971870,2.0,0.6999999999999318,0.0,0.10000000000002274,1.1000000000000227,,,,12.399999999999977,1.2999999999999545,4.2000000000000455,,0.2999999999999545,19.5
nemeth20,Mildly sparse,inner,9506,971870,2.5,0.8999999999999773,0.10000000000002274,0.0,1.1999999999999318,,,,12.600000000000023,1.2000000000000455,0.8999999999999773,1.1999999999999318,0.3000000000000682,7.899999999999977
coater1,Mildly sparse,cu,1348,19457,0.20000000000004547,,,,,0.10000000000002274,0.2999999999999545,0.10000000000002274,,,,,0.10000000000002274,1.099999999999909
coater1,Mildly sparse,gust,1348,19457,0.09999999999990905,,0.10000000000002274,0.0,0.10000000000002274,,,,0.2999999999999545,0.20000000000004547,0.20000000000004547,,0.0,1.0
coater1,Mildly sparse,outer,1348,19457,0.1999999999999318,0.10000000000002274,0.0,0.0,0.20000000000004547,,,,0.1999999999999318,0.20000000000004547,0.20000000000004547,,0.0,1.0
coater1,Mildly sparse,colw,1348,19457,0.10000000000002274,0.10000000000002274,0.0,0.10000000000002274,0.10000000000002274,,,,0.2999999999999545,0.20000000000004547,0.1999999999999318,,0.0,1.0
coater1,Mildly sparse,inner,1348,19457,0.10000000000002274,0.10000000000002274,0.0,0.09999999999990905,0.10000000000002274,,,,0.20000000000004547,0.1999999999999318,0.20000000000004547,0.10000000000002274,0.0,1.0
nemeth19,Highly sparse,cu,9506,818302,1.099999999999909,,,,,0.3000000000000682,2.699999999999932,0.20000000000004547,,,,,0.0,6.5
nemeth19,Highly sparse,gust,9506,818302,1.0,,0.20000000000004547,0.0,0.8999999999999773,,,,8.800000000000068,0.8999999999999773,1.0,,0.10000000000002274,5.699999999999932
nemeth19,Highly sparse,outer,9506,818302,1.0,0.39999999999997726,0.10000000000002274,0.0,0.7000000000000455,,,,8.799999999999955,0.8999999999999773,0.7000000000000455,,0.10000000000002274,5.699999999999932
nemeth19,Highly sparse,colw,9506,818302,1.1999999999999318,0.39999999999997726,0.10000000000002274,0.0,0.8000000000000682,,,,8.899999999999977,0.7999999999999545,0.7000000000000455,,0.10000000000002274,5.599999999999909
nemeth19,Highly sparse,inner,9506,818302,1.1999999999999318,0.5,0.0,0.0,0.8000000000000682,,,,8.899999999999977,0.8999999999999773,0.6000000000000227,0.8999999999999773,0.20000000000004547,5.699999999999932
ex10hs,Highly sparse,cu,2548,57308,0.10000000000002274,,,,,0.0,0.5,0.10000000000002274,,,,,0.09999999999990905,1.1000000000000227
ex10hs,Highly sparse,gust,2548,57308,0.09999999999990905,,0.10000000000002274,0.0,0.20000000000004547,,,,0.39999999999997726,0.10000000000002274,0.2999999999999545,,0.10000000000002274,1.0
ex10hs,Highly sparse,outer,2548,57308,0.10000000000002274,0.10000000000002274,0.0,0.10000000000002274,0.09999999999990905,,,,0.40000000000009095,0.1999999999999318,0.20000000000004547,,0.10000000000002274,0.8999999999999773
ex10hs,Highly sparse,colw,2548,57308,0.09999999999990905,0.10000000000002274,0.0,0.10000000000002274,0.20000000000004547,,,,0.2999999999999545,0.20000000000004547,0.1999999999999318,,0.10000000000002274,0.8999999999999773
ex10hs,Highly sparse,inner,2548,57308,0.20000000000004547,0.10000000000002274,0.0,0.0,0.1999999999999318,,,,0.39999999999997726,0.10000000000002274,0.20000000000004547,0.1999999999999318,0.10000000000002274,0.8999999999999773
ex9,Highly sparse,cu,3363,99471,0.2999999999999545,,,,,0.10000000000002274,0.6999999999999318,0.20000000000004547,,,,,0.10000000000002274,1.7999999999999545
ex9,Highly sparse,gust,3363,99471,0.20000000000004547,,0.10000000000002274,0.0,0.2999999999999545,,,,0.7000000000000455,0.1999999999999318,0.39999999999997726,,0.10000000000002274,1.5
ex9,Highly sparse,outer,3363,99471,0.1999999999999318,0.10000000000002274,0.0,0.10000000000002274,0.20000000000004547,,,,0.6999999999999318,0.20000000000004547,0.2999999999999545,,0.10000000000002274,1.5
ex9,Highly sparse,colw,3363,99471,0.20000000000004547,0.20000000000004547,0.0,0.0,0.2999999999999545,,,,0.7000000000000455,0.09999999999990905,0.40000000000009095,,0.09999999999990905,1.5
ex9,Highly sparse,inner,3363,99471,0.1999999999999318,0.20000000000004547,0.0,0.0,0.2999999999999545,,,,0.7000000000000455,0.10000000000002274,0.39999999999997726,0.20000000000004547,0.09999999999990905,1.5
filter2D,Highly sparse,cu,1668,10750,0.10000000000002274,,,,,0.10000000000002274,0.1999999999999318,0.20000000000004547,,,,,0.0,1.0
filter2D,Highly sparse,gust,1668,10750,0.10000000000002274,,0.0,0.10000000000002274,0.0,,,,0.10000000000002274,0.09999999999990905,0.0,,0.10000000000002274,0.8000000000000682
filter2D,Highly sparse,outer,1668,10750,0.10000000000002274,0.09999999999990905,0.0,0.10000000000002274,0.0,,,,0.10000000000002274,0.10000000000002274,0.10000000000002274,,0.09999999999990905,0.900000000000091
filter2D,Highly sparse,colw,1668,10750,0.09999999999990905,0.10000000000002274,0.0,0.0,0.10000000000002274,,,,0.10000000000002274,0.0,0.2999999999999545,,0.0,0.8000000000000682
filter2D,Highly sparse,inner,1668,10750,0.09999999999990905,0.10000000000002274,0.0,0.0,0.10000000000002274,,,,0.10000000000002274,0.0,0.1999999999999318,0.0,0.0,0.8000000000000682
sherman5,Highly sparse,cu,3312,20793,0.1999999999999318,,,,,0.10000000000002274,0.20000000000004547,0.10000000000002274,,,,,0.0,1.0
sherman5,Highly sparse,gust,3312,20793,0.10000000000002274,,0.0,0.09999999999990905,0.20000000000004547,,,,0.20000000000004547,0.1999999999999318,0.10000000000002274,,0.0,1.2000000000000455
sherman5,Highly sparse,outer,3312,20793,0.09999999999990905,0.10000000000002274,0.10000000000002274,0.0,0.10000000000002274,,,,0.2999999999999545,0.20000000000004547,0.1999999999999318,,0.0,1.0
sherman5,Highly sparse,colw,3312,20793,0.10000000000002274,0.10000000000002274,0.10000000000002274,0.0,0.10000000000002274,,,,0.2999999999999545,0.10000000000002274,0.2999999999999545,,0.0,1.1000000000000227
sherman5,Highly sparse,inner,3312,20793,0.10000000000002274,0.10000000000002274,0.0,0.09999999999990905,0.10000000000002274,,,,0.3000000000000682,0.09999999999990905,0.20000000000004547,0.10000000000002274,0.0,0.8999999999999773
GD96_a,Highly sparse,cu,1096,1677,0.10000000000002274,,,,,0.0,0.1999999999999318,0.10000000000002274,,,,,0.0,0.8000000000000682
GD96_a,Highly sparse,gust,1096,1677,0.10000000000002274,,0.0,0.09999999999990905,0.0,,,,0.10000000000002274,0.0,0.10000000000002274,,0.0,0.7999999999999545
GD96_a,Highly sparse,outer,1096,1677,0.10000000000002274,0.09999999999990905,0.0,0.10000000000002274,0.0,,,,0.0,0.10000000000002274,0.0,,0.10000000000002274,0.7999999999999545
GD96_a,Highly sparse,colw,1096,1677,0.10000000000002274,0.10000000000002274,0.0,0.10000000000002274,0.0,,,,0.0,0.10000000000002274,0.0,,0.09999999999990905,0.7000000000000455
GD96_a,Highly sparse,inner,1096,1677,0.0,0.10000000000002274,0.10000000000002274,0.0,0.0,,,,0.09999999999990905,0.0,0.10000000000002274,0.0,0.0,0.8000000000000682
Zewail,Highly sparse,cu,6752,54233,0.1999999999999318,,,,,0.10000000000002274,0.39999999999997726,0.20000000000004547,,,,,0.20000000000004547,2.0
Zewail,Highly sparse,gust,6752,54233,0.10000000000002274,,0.10000000000002274,0.0,0.2999999999999545,,,,0.3000000000000682,0.1999999999999318,0.40000000000009095,,0.09999999999990905,1.900000000000091
Zewail,Highly sparse,outer,6752,54233,0.10000000000002274,0.20000000000004547,0.0,0.10000000000002274,0.1999999999999318,,,,0.3000000000000682,0.1999999999999318,0.39999999999997726,,0.10000000000002274,1.8000000000000682
Zewail,Highly sparse,colw,6752,54233,0.10000000000002274,0.1999999999999318,0.10000000000002274,0.0,0.2999999999999545,,,,0.3000000000000682,0.10000000000002274,0.39999999999997726,,0.10000000000002274,2.0
Zewail,Highly sparse,inner,6752,54233,0.20000000000004547,0.1999999999999318,0.0,0.0,0.3000000000000682,,,,0.2999999999999545,0.20000000000004547,0.39999999999997726,0.39999999999997726,0.0,1.7999999999999545
vsp_bcsstk30_500sep_10in_1Kout,Highly sparse,cu,58348,4033156,5.0,,,,,0.3999999999998636,17.90000000000009,0.40000000000009095,,,,,0.09999999999990905,68.59999999999991
vsp_bcsstk30_500sep_10in_1Kout,Highly sparse,gust,58348,4033156,16.5,,0.8999999999998636,0.10000000000013642,6.099999999999909,,,,43.59999999999991,3.300000000000182,4.699999999999818,,0.10000000000013642,75.70000000000005
vsp_bcsstk30_500sep_10in_1Kout,Highly sparse,outer,58348,4033156,12.300000000000182,0.8999999999996362,0.0,0.0,3.0,,,,42.100000000000364,3.899999999999636,3.300000000000182,,0.09999999999990905,71.90000000000009
vsp_bcsstk30_500sep_10in_1Kout,Highly sparse,colw,58348,4033156,5.599999999999909,0.8000000000001819,0.0,0.09999999999990905,6.400000000000091,,,,41.90000000000009,3.799999999999727,3.300000000000182,,0.09999999999990905,68.70000000000027
vsp_bcsstk30_500sep_10in_1Kout,Highly sparse,inner,58348,4033156,5.5,0.8000000000001819,0.09999999999990905,0.0,6.0,,,,42.5,3.800000000000182,3.399999999999636,8.300000000000182,0.6999999999998181,72.60000000000036
hangGlider_3,Extremely sparse,cu,10260,92703,1.5,,,,,0.6999999999998181,9.5,1.7000000000002728,,,,,0.1999999999998181,403.0
hangGlider_3,Extremely sparse,gust,10260,92703,0.40000000000009095,,0.3999999999996362,0.1000000000003638,12.599999999999909,,,,11.0,1.7999999999997272,52.30000000000018,,0.1999999999998181,398.8000000000002
hangGlider_3,Extremely sparse,outer,10260,92703,0.5,3.4000000000005457,0.0999999999994543,0.1999999999998181,45.0,,,,10.5,1.800000000000182,51.600000000000364,,0.1999999999998181,393.8000000000002
hangGlider_3,Extremely sparse,colw,10260,92703,1.0,3.300000000000182,0.4000000000005457,0.0999999999994543,12.199999999999818,,,,10.400000000000546,1.800000000000182,51.399999999999636,,0.1999999999998181,362.40000000000055
hangGlider_3,Extremely sparse,inner,10260,92703,0.5999999999994543,3.4000000000005457,0.2999999999992724,0.1000000000003638,12.600000000000364,,,,11.099999999999454,1.9000000000005457,51.5,32.599999999999454,0.4000000000005457,414.6999999999998
eurqsa,Extremely sparse,cu,7245,46142,0.09999999999990905,,,,,0.10000000000002274,0.3000000000000682,0.1999999999999318,,,,,0.10000000000002274,1.7000000000000455
eurqsa,Extremely sparse,gust,7245,46142,0.09999999999990905,,0.10000000000002274,0.0,0.3000000000000682,,,,0.2999999999999545,0.10000000000002274,0.39999999999997726,,0.10000000000002274,1.3999999999999773
eurqsa,Extremely sparse,outer,7245,46142,0.1999999999999318,0.10000000000002274,0.0,0.10000000000002274,0.20000000000004547,,,,0.2999999999999545,0.10000000000002274,0.2999999999999545,,0.10000000000002274,1.3999999999999773
eurqsa,Extremely sparse,colw,7245,46142,0.1999999999999318,0.10000000000002274,0.0,0.10000000000002274,0.20000000000004547,,,,0.2999999999999545,0.20000000000004547,0.1999999999999318,,0.10000000000002274,1.3999999999999773
eurqsa,Extremely sparse,inner,7245,46142,0.09999999999990905,0.10000000000002274,0.10000000000002274,0.0,0.20000000000004547,,,,0.2999999999999545,0.20000000000004547,0.2999999999999545,0.20000000000004547,0.09999999999990905,1.5
email-Enron,Extremely sparse,cu,36692,367662,0.8000000000001819,,,,,0.5,5.7999999999999545,0.5,,,,,0.09999999999990905,115.90000000000009
email-Enron,Extremely sparse,gust,36692,367662,0.7999999999999545,,0.2999999999999545,0.0,1.6000000000001364,,,,6.7999999999999545,1.2999999999999545,9.5,,0.09999999999990905,115.5
email-Enron,Extremely sparse,outer,36692,367662,0.8999999999998636,1.0,0.0,0.10000000000013642,1.5,,,,6.7000000000000455,1.0,9.199999999999818,,0.10000000000013642,120.89999999999986
email-Enron,Extremely sparse,colw,36692,367662,0.8999999999998636,1.1000000000001364,0.09999999999990905,0.0,1.6000000000001364,,,,6.599999999999909,0.900000000000091,9.299999999999955,,0.09999999999990905,122.70000000000005
email-Enron,Extremely sparse,inner,36692,367662,3.099999999999909,0.900000000000091,0.09999999999990905,0.0,1.400000000000091,,,,6.799999999999727,0.900000000000091,9.200000000000273,10.599999999999909,0.29999999999972715,124.80000000000018
c-63,Extremely sparse,cu,44234,434704,0.7000000000000455,,,,,0.2999999999999545,2.900000000000091,0.3999999999998636,,,,,0.0,49.90000000000009
c-63,Extremely sparse,gust,44234,434704,0.7000000000000455,,0.2999999999999545,0.0,2.2999999999999545,,,,3.2999999999999545,0.5,4.900000000000091,,0.09999999999990905,49.200000000000045
c-63,Extremely sparse,outer,44234,434704,0.7000000000000455,1.599999999999909,0.10000000000013642,0.0,5.399999999999864,,,,3.2999999999999545,0.5,4.800000000000182,,0.09999999999990905,50.0
c-63,Extremely sparse,colw,44234,434704,0.7000000000000455,1.7000000000000455,0.09999999999990905,0.10000000000013642,2.0,,,,3.2999999999999545,0.5,4.7999999999999545,,0.0,48.799999999999955
c-63,Extremely sparse,inner,44234,434704,0.7000000000000455,1.6000000000001364,0.09999999999990905,0.09999999999990905,2.1000000000001364,,,,3.2999999999999545,0.5,4.7999999999999545,38.0,0.10000000000013642,51.5
poli_large,Extremely sparse,cu,15575,33074,0.10000000000002274,,,,,0.10000000000002274,0.2999999999999545,0.10000000000002274,,,,,0.0,1.0
poli_large,Extremely sparse,gust,15575,33074,0.20000000000004547,,0.0,0.10000000000002274,0.09999999999990905,,,,0.3000000000000682,0.10000000000002274,0.09999999999990905,,0.0,0.900000000000091
poli_large,Extremely sparse,outer,15575,33074,0.10000000000002274,0.2999999999999545,0.0,0.10000000000002274,0.0,,,,0.39999999999997726,0.10000000000002274,0.0,,0.10000000000002274,0.7999999999999545
poli_large,Extremely sparse,colw,15575,33074,0.10000000000002274,0.2999999999999545,0.0,0.0,0.10000000000002274,,,,0.2999999999999545,0.10000000000002274,0.0,,0.10000000000002274,0.7999999999999545
poli_large,Extremely sparse,inner,15575,33074,0.10000000000002274,0.3000000000000682,0.0,0.09999999999990905,0.0,,,,0.40000000000009095,0.09999999999990905,0.0,0.20000000000004547,0.10000000000002274,0.7999999999999545
CurlCurl_1,Extremely sparse,cu,226451,2472071,3.2000000000000455,,,,,0.40000000000009095,1.099999999999909,0.40000000000009095,,,,,0.09999999999990905,42.700000000000045
CurlCurl_1,Extremely sparse,gust,226451,2472071,3.2999999999999545,,0.20000000000004547,0.0,0.6999999999998181,,,,3.7000000000000455,0.6000000000001364,1.0,,0.09999999999990905,41.799999999999955
CurlCurl_1,Extremely sparse,outer,226451,2472071,3.2000000000000455,0.7000000000000455,0.09999999999990905,0.10000000000013642,0.599999999999909,,,,3.599999999999909,0.5,1.0,,0.10000000000013642,41.899999999999864
CurlCurl_1,Extremely sparse,colw,226451,2472071,3.2999999999999545,0.6000000000001364,0.09999999999990905,0.09999999999990905,0.6000000000001364,,,,3.599999999999909,0.5,0.900000000000091,,0.09999999999990905,41.5
CurlCurl_1,Extremely sparse,inner,226451,2472071,3.2000000000000455,0.7000000000000455,0.09999999999990905,0.0,0.6000000000001364,,,,3.699999999999818,0.5,0.900000000000091,0.900000000000091,0.09999999999990905,42.09999999999991
wi2010,Extremely sparse,cu,253096,1209404,1.6000000000000227,,,,,0.39999999999997726,0.6000000000000227,0.3000000000000682,,,,,0.0,18.399999999999977
wi2010,Extremely sparse,gust,253096,1209404,1.7000000000000455,,0.09999999999990905,0.10000000000002274,0.6000000000000227,,,,1.2000000000000455,0.2999999999999545,0.6000000000000227,,0.10000000000002274,18.09999999999991
wi2010,Extremely sparse,outer,253096,1209404,1.6000000000000227,0.599999999999909,0.10000000000002274,0.0,0.5,,,,1.2000000000000455,0.2999999999999545,0.5,,0.10000000000002274,17.899999999999977
wi2010,Extremely sparse,colw,253096,1209404,1.6000000000000227,0.5,0.10000000000002274,0.10000000000002274,0.5,,,,1.1999999999999318,0.3000000000000682,0.39999999999997726,,0.10000000000002274,17.899999999999977
wi2010,Extremely sparse,inner,253096,1209404,1.6000000000000227,0.5,0.09999999999990905,0.10000000000002274,0.5,,,,1.2000000000000455,0.1999999999999318,0.5,0.6000000000000227,0.10000000000002274,18.0
