n,A_nnz,cu_time,outer_time,gust_time,colw_time,inner_time,full_nnz,upper_outer,upper_gust,upper_colw,upper_inner,phases,name,class,density_pct,upper_agree,upper_nnz,implied_diag
226451,2472071,50.28,30.5,31.967,32.293,32.611,12165785,6196118,6196118,6196118,6196118,"{('cut', 'start'): 1214.0, ('cut', 'h2d'): 1217.3, ('cut', 'transpose'): 1218.0, ('cut', 'workest'): 1218.5, ('cut', 'compute'): 1219.6, ('cut', 'copy'): 1219.9, ('cut', 'pack'): 1220.0, ('cut', 'd2h'): 1263.9, ('atto', 'start'): 1273.7, ('atto', 'csc'): 1277.6, ('atto', 'h2d'): 1277.7, ('atto', 'count'): 1277.7, ('atto', 'scan'): 1277.8, ('atto', 'expand'): 1278.3, ('atto', 'sort'): 1280.4, ('atto', 'reduce'): 1280.8, ('atto', 'final'): 1281.3, ('atto', 'pack'): 1281.4, ('atto', 'd2h'): 1303.5, ('attg', 'start'): 1309.0, ('attg', 'csc'): 1313.0, ('attg', 'h2d'): 1313.1, ('attg', 'count'): 1313.1, ('attg', 'scan'): 1313.2, ('attg', 'expand'): 1314.9, ('attg', 'compact'): 1315.9, ('attg', 'sort'): 1318.1, ('attg', 'reduce'): 1318.4, ('attg', 'final'): 1319.0, ('attg', 'pack'): 1319.0, ('attg', 'd2h'): 1340.2, ('attc', 'start'): 1345.7, ('attc', 'csc'): 1349.6, ('attc', 'h2d'): 1349.7, ('attc', 'count'): 1349.7, ('attc', 'scan'): 1349.8, ('attc', 'expand'): 1351.7, ('attc', 'compact'): 1352.7, ('attc', 'sort'): 1354.8, ('attc', 'reduce'): 1355.1, ('attc', 'final'): 1355.7, ('attc', 'pack'): 1355.7, ('attc', 'd2h'): 1377.2, ('atti', 'start'): 1382.7, ('atti', 'csc'): 1386.7, ('atti', 'h2d'): 1386.7, ('atti', 'count'): 1386.8, ('atti', 'scan'): 1386.9, ('atti', 'expand'): 1388.6, ('atti', 'compact'): 1389.6, ('atti', 'sort'): 1391.8, ('atti', 'reduce'): 1392.1, ('atti', 'final'): 1392.6, ('atti', 'symbolic'): 1392.6, ('atti', 'numeric'): 1393.2, ('atti', 'pack'): 1393.3, ('atti', 'd2h'): 1414.6}",CurlCurl_1,Extremely sparse,0.0048207260711184,1,6196118,226451
18,37,1.505,1.316,1.411,1.402,1.409,62,40,40,40,40,"{('cut', 'start'): 542.8, ('cut', 'h2d'): 542.9, ('cut', 'transpose'): 543.0, ('cut', 'workest'): 543.1, ('cut', 'compute'): 543.3, ('cut', 'copy'): 543.4, ('cut', 'pack'): 543.4, ('cut', 'd2h'): 544.2, ('atto', 'start'): 544.6, ('atto', 'csc'): 544.8, ('atto', 'h2d'): 544.8, ('atto', 'count'): 544.8, ('atto', 'scan'): 544.8, ('atto', 'expand'): 544.8, ('atto', 'sort'): 544.9, ('atto', 'reduce'): 544.9, ('atto', 'final'): 545.0, ('atto', 'pack'): 545.0, ('atto', 'd2h'): 545.8, ('attg', 'start'): 546.2, ('attg', 'csc'): 546.3, ('attg', 'h2d'): 546.3, ('attg', 'count'): 546.4, ('attg', 'scan'): 546.4, ('attg', 'expand'): 546.4, ('attg', 'compact'): 546.5, ('attg', 'sort'): 546.5, ('attg', 'reduce'): 546.6, ('attg', 'final'): 546.6, ('attg', 'pack'): 546.6, ('attg', 'd2h'): 547.4, ('attc', 'start'): 547.9, ('attc', 'csc'): 548.0, ('attc', 'h2d'): 548.1, ('attc', 'count'): 548.1, ('attc', 'scan'): 548.1, ('attc', 'expand'): 548.1, ('attc', 'compact'): 548.2, ('attc', 'sort'): 548.3, ('attc', 'reduce'): 548.3, ('attc', 'final'): 548.4, ('attc', 'pack'): 548.4, ('attc', 'd2h'): 549.1, ('atti', 'start'): 549.5, ('atti', 'csc'): 549.7, ('atti', 'h2d'): 549.7, ('atti', 'count'): 549.7, ('atti', 'scan'): 549.8, ('atti', 'expand'): 549.8, ('atti', 'compact'): 549.9, ('atti', 'sort'): 549.9, ('atti', 'reduce'): 549.9, ('atti', 'final'): 550.0, ('atti', 'symbolic'): 550.0, ('atti', 'numeric'): 550.0, ('atti', 'pack'): 550.0, ('atti', 'd2h'): 550.8}",GD01_b,Dense,11.41975308641975,1,40,18
1096,1677,1.53,1.429,1.533,1.534,1.55,19177,10136,10136,10136,10136,"{('cut', 'start'): 517.9, ('cut', 'h2d'): 518.0, ('cut', 'transpose'): 518.1, ('cut', 'workest'): 518.2, ('cut', 'compute'): 518.4, ('cut', 'copy'): 518.4, ('cut', 'pack'): 518.4, ('cut', 'd2h'): 519.3, ('atto', 'start'): 519.6, ('atto', 'csc'): 519.8, ('atto', 'h2d'): 519.8, ('atto', 'count'): 519.9, ('atto', 'scan'): 519.9, ('atto', 'expand'): 519.9, ('atto', 'sort'): 520.0, ('atto', 'reduce'): 520.1, ('atto', 'final'): 520.1, ('atto', 'pack'): 520.2, ('atto', 'd2h'): 521.0, ('attg', 'start'): 521.3, ('attg', 'csc'): 521.5, ('attg', 'h2d'): 521.5, ('attg', 'count'): 521.5, ('attg', 'scan'): 521.6, ('attg', 'expand'): 521.6, ('attg', 'compact'): 521.7, ('attg', 'sort'): 521.8, ('attg', 'reduce'): 521.8, ('attg', 'final'): 521.9, ('attg', 'pack'): 521.9, ('attg', 'd2h'): 522.7, ('attc', 'start'): 523.2, ('attc', 'csc'): 523.4, ('attc', 'h2d'): 523.4, ('attc', 'count'): 523.4, ('attc', 'scan'): 523.4, ('attc', 'expand'): 523.5, ('attc', 'compact'): 523.5, ('attc', 'sort'): 523.7, ('attc', 'reduce'): 523.7, ('attc', 'final'): 523.8, ('attc', 'pack'): 523.8, ('attc', 'd2h'): 524.6, ('atti', 'start'): 525.0, ('atti', 'csc'): 525.1, ('atti', 'h2d'): 525.2, ('atti', 'count'): 525.2, ('atti', 'scan'): 525.2, ('atti', 'expand'): 525.3, ('atti', 'compact'): 525.3, ('atti', 'sort'): 525.4, ('atti', 'reduce'): 525.5, ('atti', 'final'): 525.5, ('atti', 'symbolic'): 525.5, ('atti', 'numeric'): 525.6, ('atti', 'pack'): 525.6, ('atti', 'd2h'): 526.4}",GD96_a,Highly sparse,0.13960853002291,1,10136,1095
6752,54233,2.745,2.303,2.552,2.565,2.775,469841,237211,237211,237211,237211,"{('cut', 'start'): 530.9, ('cut', 'h2d'): 531.0, ('cut', 'transpose'): 531.2, ('cut', 'workest'): 531.2, ('cut', 'compute'): 531.6, ('cut', 'copy'): 531.8, ('cut', 'pack'): 531.9, ('cut', 'd2h'): 533.5, ('atto', 'start'): 534.1, ('atto', 'csc'): 534.3, ('atto', 'h2d'): 534.4, ('atto', 'count'): 534.4, ('atto', 'scan'): 534.4, ('atto', 'expand'): 534.6, ('atto', 'sort'): 534.9, ('atto', 'reduce'): 535.0, ('atto', 'final'): 535.2, ('atto', 'pack'): 535.2, ('atto', 'd2h'): 536.1, ('attg', 'start'): 536.6, ('attg', 'csc'): 536.9, ('attg', 'h2d'): 536.9, ('attg', 'count'): 536.9, ('attg', 'scan'): 537.0, ('attg', 'expand'): 537.2, ('attg', 'compact'): 537.5, ('attg', 'sort'): 537.8, ('attg', 'reduce'): 537.9, ('attg', 'final'): 538.1, ('attg', 'pack'): 538.1, ('attg', 'd2h'): 538.9, ('attc', 'start'): 539.4, ('attc', 'csc'): 539.7, ('attc', 'h2d'): 539.7, ('attc', 'count'): 539.7, ('attc', 'scan'): 539.8, ('attc', 'expand'): 540.0, ('attc', 'compact'): 540.3, ('attc', 'sort'): 540.6, ('attc', 'reduce'): 540.7, ('attc', 'final'): 540.9, ('attc', 'pack'): 540.9, ('attc', 'd2h'): 541.7, ('atti', 'start'): 542.2, ('atti', 'csc'): 542.5, ('atti', 'h2d'): 542.5, ('atti', 'count'): 542.6, ('atti', 'scan'): 542.6, ('atti', 'expand'): 542.8, ('atti', 'compact'): 543.1, ('atti', 'sort'): 543.4, ('atti', 'reduce'): 543.5, ('atti', 'final'): 543.7, ('atti', 'symbolic'): 543.7, ('atti', 'numeric'): 543.9, ('atti', 'pack'): 543.9, ('atti', 'd2h'): 544.7}",Zewail,Highly sparse,0.1189593990757099,1,237211,4581
44234,434704,57.448,39.402,37.896,38.034,41.986,14194078,7119156,7119156,7119156,7119156,"{('cut', 'start'): 940.6, ('cut', 'h2d'): 941.3, ('cut', 'transpose'): 941.8, ('cut', 'workest'): 942.4, ('cut', 'compute'): 945.2, ('cut', 'copy'): 945.5, ('cut', 'pack'): 945.6, ('cut', 'd2h'): 997.7, ('atto', 'start'): 1008.7, ('atto', 'csc'): 1011.0, ('atto', 'h2d'): 1011.0, ('atto', 'count'): 1011.0, ('atto', 'scan'): 1011.1, ('atto', 'expand'): 1013.9, ('atto', 'sort'): 1015.7, ('atto', 'reduce'): 1016.0, ('atto', 'final'): 1018.2, ('atto', 'pack'): 1018.3, ('atto', 'd2h'): 1047.1, ('attg', 'start'): 1057.7, ('attg', 'csc'): 1060.2, ('attg', 'h2d'): 1060.2, ('attg', 'count'): 1060.4, ('attg', 'scan'): 1060.4, ('attg', 'expand'): 1063.8, ('attg', 'compact'): 1064.6, ('attg', 'sort'): 1066.4, ('attg', 'reduce'): 1066.8, ('attg', 'final'): 1068.9, ('attg', 'pack'): 1069.0, ('attg', 'd2h'): 1094.9, ('attc', 'start'): 1100.8, ('attc', 'csc'): 1103.2, ('attc', 'h2d'): 1103.2, ('attc', 'count'): 1103.4, ('attc', 'scan'): 1103.4, ('attc', 'expand'): 1107.2, ('attc', 'compact'): 1108.4, ('attc', 'sort'): 1110.2, ('attc', 'reduce'): 1110.5, ('attc', 'final'): 1112.6, ('attc', 'pack'): 1112.7, ('attc', 'd2h'): 1138.2, ('atti', 'start'): 1144.2, ('atti', 'csc'): 1146.4, ('atti', 'h2d'): 1146.4, ('atti', 'count'): 1146.5, ('atti', 'scan'): 1146.6, ('atti', 'expand'): 1149.9, ('atti', 'compact'): 1150.6, ('atti', 'sort'): 1152.5, ('atti', 'reduce'): 1152.8, ('atti', 'final'): 1154.9, ('atti', 'symbolic'): 1154.9, ('atti', 'numeric'): 1160.2, ('atti', 'pack'): 1160.3, ('atti', 'd2h'): 1185.6}",c-63,Extremely sparse,0.02221678484718,1,7119156,44234
5,19,1.562,1.37,1.465,1.453,1.504,25,15,15,15,15,"{('cut', 'start'): 533.5, ('cut', 'h2d'): 533.6, ('cut', 'transpose'): 533.8, ('cut', 'workest'): 533.9, ('cut', 'compute'): 534.0, ('cut', 'copy'): 534.1, ('cut', 'pack'): 534.1, ('cut', 'd2h'): 534.9, ('atto', 'start'): 535.3, ('atto', 'csc'): 535.5, ('atto', 'h2d'): 535.5, ('atto', 'count'): 535.5, ('atto', 'scan'): 535.6, ('atto', 'expand'): 535.6, ('atto', 'sort'): 535.7, ('atto', 'reduce'): 535.7, ('atto', 'final'): 535.8, ('atto', 'pack'): 535.8, ('atto', 'd2h'): 536.6, ('attg', 'start'): 537.0, ('attg', 'csc'): 537.1, ('attg', 'h2d'): 537.2, ('attg', 'count'): 537.2, ('attg', 'scan'): 537.2, ('attg', 'expand'): 537.2, ('attg', 'compact'): 537.3, ('attg', 'sort'): 537.4, ('attg', 'reduce'): 537.4, ('attg', 'final'): 537.5, ('attg', 'pack'): 537.5, ('attg', 'd2h'): 538.3, ('attc', 'start'): 538.7, ('attc', 'csc'): 538.9, ('attc', 'h2d'): 538.9, ('attc', 'count'): 538.9, ('attc', 'scan'): 539.0, ('attc', 'expand'): 539.0, ('attc', 'compact'): 539.1, ('attc', 'sort'): 539.1, ('attc', 'reduce'): 539.2, ('attc', 'final'): 539.2, ('attc', 'pack'): 539.3, ('attc', 'd2h'): 540.0, ('atti', 'start'): 540.4, ('atti', 'csc'): 540.6, ('atti', 'h2d'): 540.6, ('atti', 'count'): 540.6, ('atti', 'scan'): 540.7, ('atti', 'expand'): 540.7, ('atti', 'compact'): 540.8, ('atti', 'sort'): 540.8, ('atti', 'reduce'): 540.9, ('atti', 'final'): 540.9, ('atti', 'symbolic'): 541.0, ('atti', 'numeric'): 541.0, ('atti', 'pack'): 541.0, ('atti', 'd2h'): 541.8}",cage3,Dense,76.0,1,15,5
73,377,1.521,1.343,1.427,1.41,1.435,1377,725,725,725,725,"{('cut', 'start'): 521.2, ('cut', 'h2d'): 521.3, ('cut', 'transpose'): 521.4, ('cut', 'workest'): 521.5, ('cut', 'compute'): 521.7, ('cut', 'copy'): 521.7, ('cut', 'pack'): 521.8, ('cut', 'd2h'): 522.6, ('atto', 'start'): 523.0, ('atto', 'csc'): 523.1, ('atto', 'h2d'): 523.1, ('atto', 'count'): 523.2, ('atto', 'scan'): 523.2, ('atto', 'expand'): 523.2, ('atto', 'sort'): 523.3, ('atto', 'reduce'): 523.3, ('atto', 'final'): 523.4, ('atto', 'pack'): 523.4, ('atto', 'd2h'): 524.2, ('attg', 'start'): 524.6, ('attg', 'csc'): 524.8, ('attg', 'h2d'): 524.8, ('attg', 'count'): 524.8, ('attg', 'scan'): 524.9, ('attg', 'expand'): 524.9, ('attg', 'compact'): 525.0, ('attg', 'sort'): 525.0, ('attg', 'reduce'): 525.1, ('attg', 'final'): 525.1, ('attg', 'pack'): 525.1, ('attg', 'd2h'): 525.9, ('attc', 'start'): 526.3, ('attc', 'csc'): 526.5, ('attc', 'h2d'): 526.5, ('attc', 'count'): 526.5, ('attc', 'scan'): 526.6, ('attc', 'expand'): 526.6, ('attc', 'compact'): 526.7, ('attc', 'sort'): 526.7, ('attc', 'reduce'): 526.8, ('attc', 'final'): 526.8, ('attc', 'pack'): 526.8, ('attc', 'd2h'): 527.6, ('atti', 'start'): 528.0, ('atti', 'csc'): 528.2, ('atti', 'h2d'): 528.2, ('atti', 'count'): 528.2, ('atti', 'scan'): 528.2, ('atti', 'expand'): 528.3, ('atti', 'compact'): 528.3, ('atti', 'sort'): 528.4, ('atti', 'reduce'): 528.4, ('atti', 'final'): 528.5, ('atti', 'symbolic'): 528.5, ('atti', 'numeric'): 528.5, ('atti', 'pack'): 528.5, ('atti', 'd2h'): 529.3}",can_73,Mildly sparse,7.0744980296490905,1,725,73
317,7327,2.017,2.041,2.491,2.413,2.46,25143,12730,12730,12730,12730,"{('cut', 'start'): 540.7, ('cut', 'h2d'): 540.8, ('cut', 'transpose'): 541.0, ('cut', 'workest'): 541.1, ('cut', 'compute'): 541.5, ('cut', 'copy'): 541.5, ('cut', 'pack'): 541.6, ('cut', 'd2h'): 542.6, ('atto', 'start'): 543.0, ('atto', 'csc'): 543.2, ('atto', 'h2d'): 543.2, ('atto', 'count'): 543.3, ('atto', 'scan'): 543.3, ('atto', 'expand'): 543.3, ('atto', 'sort'): 543.7, ('atto', 'reduce'): 543.8, ('atto', 'final'): 544.0, ('atto', 'pack'): 544.0, ('atto', 'd2h'): 544.9, ('attg', 'start'): 545.3, ('attg', 'csc'): 545.6, ('attg', 'h2d'): 545.6, ('attg', 'count'): 545.6, ('attg', 'scan'): 545.7, ('attg', 'expand'): 545.8, ('attg', 'compact'): 546.1, ('attg', 'sort'): 546.4, ('attg', 'reduce'): 546.5, ('attg', 'final'): 546.7, ('attg', 'pack'): 546.7, ('attg', 'd2h'): 547.6, ('attc', 'start'): 548.1, ('attc', 'csc'): 548.3, ('attc', 'h2d'): 548.4, ('attc', 'count'): 548.4, ('attc', 'scan'): 548.4, ('attc', 'expand'): 548.6, ('attc', 'compact'): 548.9, ('attc', 'sort'): 549.1, ('attc', 'reduce'): 549.3, ('attc', 'final'): 549.4, ('attc', 'pack'): 549.4, ('attc', 'd2h'): 550.3, ('atti', 'start'): 550.8, ('atti', 'csc'): 551.0, ('atti', 'h2d'): 551.0, ('atti', 'count'): 551.1, ('atti', 'scan'): 551.1, ('atti', 'expand'): 551.3, ('atti', 'compact'): 551.5, ('atti', 'sort'): 551.8, ('atti', 'reduce'): 551.9, ('atti', 'final'): 552.1, ('atti', 'symbolic'): 552.1, ('atti', 'numeric'): 552.2, ('atti', 'pack'): 552.2, ('atti', 'd2h'): 553.0}",cavity04,Mildly sparse,5.89417747216113,1,12730,317
1348,19457,2.168,2.078,2.53,2.439,2.498,136444,68896,68896,68896,68896,"{('cut', 'start'): 549.2, ('cut', 'h2d'): 549.3, ('cut', 'transpose'): 549.5, ('cut', 'workest'): 549.6, ('cut', 'compute'): 550.0, ('cut', 'copy'): 550.0, ('cut', 'pack'): 550.1, ('cut', 'd2h'): 551.2, ('atto', 'start'): 551.7, ('atto', 'csc'): 551.9, ('atto', 'h2d'): 551.9, ('atto', 'count'): 551.9, ('atto', 'scan'): 551.9, ('atto', 'expand'): 552.1, ('atto', 'sort'): 552.4, ('atto', 'reduce'): 552.5, ('atto', 'final'): 552.6, ('atto', 'pack'): 552.6, ('atto', 'd2h'): 553.5, ('attg', 'start'): 554.0, ('attg', 'csc'): 554.2, ('attg', 'h2d'): 554.2, ('attg', 'count'): 554.3, ('attg', 'scan'): 554.3, ('attg', 'expand'): 554.5, ('attg', 'compact'): 554.8, ('attg', 'sort'): 555.0, ('attg', 'reduce'): 555.2, ('attg', 'final'): 555.4, ('attg', 'pack'): 555.4, ('attg', 'd2h'): 556.3, ('attc', 'start'): 556.8, ('attc', 'csc'): 557.0, ('attc', 'h2d'): 557.0, ('attc', 'count'): 557.0, ('attc', 'scan'): 557.1, ('attc', 'expand'): 557.2, ('attc', 'compact'): 557.6, ('attc', 'sort'): 557.8, ('attc', 'reduce'): 558.0, ('attc', 'final'): 558.1, ('attc', 'pack'): 558.1, ('attc', 'd2h'): 559.0, ('atti', 'start'): 559.5, ('atti', 'csc'): 559.7, ('atti', 'h2d'): 559.7, ('atti', 'count'): 559.8, ('atti', 'scan'): 559.8, ('atti', 'expand'): 559.9, ('atti', 'compact'): 560.3, ('atti', 'sort'): 560.5, ('atti', 'reduce'): 560.7, ('atti', 'final'): 560.8, ('atti', 'symbolic'): 560.9, ('atti', 'numeric'): 560.9, ('atti', 'pack'): 560.9, ('atti', 'd2h'): 561.8}",coater1,Mildly sparse,1.07076975230916,1,68896,1348
36692,367662,132.412,69.593,71.297,72.243,80.061,30492154,15264423,15264423,15264423,15264423,"{('cut', 'start'): 1099.4, ('cut', 'h2d'): 1100.1, ('cut', 'transpose'): 1100.6, ('cut', 'workest'): 1101.1, ('cut', 'compute'): 1106.8, ('cut', 'copy'): 1107.3, ('cut', 'pack'): 1107.4, ('cut', 'd2h'): 1231.3, ('atto', 'start'): 1254.6, ('atto', 'csc'): 1256.4, ('atto', 'h2d'): 1256.4, ('atto', 'count'): 1256.5, ('atto', 'scan'): 1256.5, ('atto', 'expand'): 1257.3, ('atto', 'sort'): 1260.8, ('atto', 'reduce'): 1261.3, ('atto', 'final'): 1265.9, ('atto', 'pack'): 1266.0, ('atto', 'd2h'): 1323.5, ('attg', 'start'): 1335.6, ('attg', 'csc'): 1337.3, ('attg', 'h2d'): 1337.3, ('attg', 'count'): 1337.4, ('attg', 'scan'): 1337.4, ('attg', 'expand'): 1341.4, ('attg', 'compact'): 1342.7, ('attg', 'sort'): 1346.3, ('attg', 'reduce'): 1346.8, ('attg', 'final'): 1351.6, ('attg', 'pack'): 1351.7, ('attg', 'd2h'): 1406.1, ('attc', 'start'): 1417.9, ('attc', 'csc'): 1419.7, ('attc', 'h2d'): 1419.7, ('attc', 'count'): 1419.8, ('attc', 'scan'): 1419.8, ('attc', 'expand'): 1424.8, ('attc', 'compact'): 1426.0, ('attc', 'sort'): 1429.5, ('attc', 'reduce'): 1430.0, ('attc', 'final'): 1434.8, ('attc', 'pack'): 1434.9, ('attc', 'd2h'): 1489.2, ('atti', 'start'): 1501.2, ('atti', 'csc'): 1503.6, ('atti', 'h2d'): 1503.7, ('atti', 'count'): 1503.7, ('atti', 'scan'): 1503.8, ('atti', 'expand'): 1507.6, ('atti', 'compact'): 1508.9, ('atti', 'sort'): 1512.5, ('atti', 'reduce'): 1513.0, ('atti', 'final'): 1517.8, ('atti', 'symbolic'): 1517.8, ('atti', 'numeric'): 1527.2, ('atti', 'pack'): 1527.3, ('atti', 'd2h'): 1580.5}",email-Enron,Extremely sparse,0.02730901120626,1,15264423,36692
7245,46142,3.006,3.167,3.086,3.07,3.034,287297,147271,147271,147271,147271,"{('cut', 'start'): 551.1, ('cut', 'h2d'): 551.3, ('cut', 'transpose'): 551.5, ('cut', 'workest'): 551.6, ('cut', 'compute'): 551.9, ('cut', 'copy'): 552.2, ('cut', 'pack'): 552.3, ('cut', 'd2h'): 553.9, ('atto', 'start'): 554.6, ('atto', 'csc'): 554.9, ('atto', 'h2d'): 555.0, ('atto', 'count'): 555.0, ('atto', 'scan'): 555.1, ('atto', 'expand'): 555.3, ('atto', 'sort'): 555.6, ('atto', 'reduce'): 555.9, ('atto', 'final'): 556.1, ('atto', 'pack'): 556.1, ('atto', 'd2h'): 557.3, ('attg', 'start'): 558.1, ('attg', 'csc'): 558.4, ('attg', 'h2d'): 558.4, ('attg', 'count'): 558.4, ('attg', 'scan'): 558.4, ('attg', 'expand'): 558.7, ('attg', 'compact'): 558.9, ('attg', 'sort'): 559.2, ('attg', 'reduce'): 559.3, ('attg', 'final'): 559.5, ('attg', 'pack'): 559.5, ('attg', 'd2h'): 560.7, ('attc', 'start'): 561.4, ('attc', 'csc'): 561.7, ('attc', 'h2d'): 561.7, ('attc', 'count'): 561.8, ('attc', 'scan'): 561.8, ('attc', 'expand'): 562.1, ('attc', 'compact'): 562.3, ('attc', 'sort'): 562.6, ('attc', 'reduce'): 562.7, ('attc', 'final'): 562.8, ('attc', 'pack'): 562.9, ('attc', 'd2h'): 564.1, ('atti', 'start'): 564.8, ('atti', 'csc'): 565.1, ('atti', 'h2d'): 565.1, ('atti', 'count'): 565.1, ('atti', 'scan'): 565.2, ('atti', 'expand'): 565.4, ('atti', 'compact'): 565.7, ('atti', 'sort'): 565.9, ('atti', 'reduce'): 566.1, ('atti', 'final'): 566.2, ('atti', 'symbolic'): 566.2, ('atti', 'numeric'): 566.3, ('atti', 'pack'): 566.3, ('atti', 'd2h'): 567.4}",eurqsa,Extremely sparse,0.08790622599246,1,147271,7245
2548,57308,2.115,2.235,2.812,2.567,2.625,205230,103889,103889,103889,103889,"{('cut', 'start'): 536.7, ('cut', 'h2d'): 536.8, ('cut', 'transpose'): 537.0, ('cut', 'workest'): 537.1, ('cut', 'compute'): 537.5, ('cut', 'copy'): 537.7, ('cut', 'pack'): 537.7, ('cut', 'd2h'): 538.7, ('atto', 'start'): 539.1, ('atto', 'csc'): 539.3, ('atto', 'h2d'): 539.3, ('atto', 'count'): 539.3, ('atto', 'scan'): 539.3, ('atto', 'expand'): 539.5, ('atto', 'sort'): 539.8, ('atto', 'reduce'): 540.0, ('atto', 'final'): 540.1, ('atto', 'pack'): 540.2, ('atto', 'd2h'): 541.0, ('attg', 'start'): 541.7, ('attg', 'csc'): 542.0, ('attg', 'h2d'): 542.0, ('attg', 'count'): 542.0, ('attg', 'scan'): 542.1, ('attg', 'expand'): 542.3, ('attg', 'compact'): 542.7, ('attg', 'sort'): 543.0, ('attg', 'reduce'): 543.2, ('attg', 'final'): 543.4, ('attg', 'pack'): 543.4, ('attg', 'd2h'): 544.3, ('attc', 'start'): 544.8, ('attc', 'csc'): 545.0, ('attc', 'h2d'): 545.0, ('attc', 'count'): 545.0, ('attc', 'scan'): 545.0, ('attc', 'expand'): 545.3, ('attc', 'compact'): 545.6, ('attc', 'sort'): 545.9, ('attc', 'reduce'): 546.0, ('attc', 'final'): 546.2, ('attc', 'pack'): 546.3, ('attc', 'd2h'): 547.1, ('atti', 'start'): 547.6, ('atti', 'csc'): 547.8, ('atti', 'h2d'): 547.8, ('atti', 'count'): 547.8, ('atti', 'scan'): 547.9, ('atti', 'expand'): 548.1, ('atti', 'compact'): 548.4, ('atti', 'sort'): 548.7, ('atti', 'reduce'): 548.9, ('atti', 'final'): 549.1, ('atti', 'symbolic'): 549.1, ('atti', 'numeric'): 549.1, ('atti', 'pack'): 549.2, ('atti', 'd2h'): 550.0}",ex10hs,Highly sparse,0.8827066631506999,1,103889,2548
3363,99471,3.028,2.467,2.868,2.848,2.876,373815,188589,188589,188589,188589,"{('cut', 'start'): 540.7, ('cut', 'h2d'): 540.9, ('cut', 'transpose'): 541.1, ('cut', 'workest'): 541.3, ('cut', 'compute'): 541.9, ('cut', 'copy'): 542.1, ('cut', 'pack'): 542.2, ('cut', 'd2h'): 543.6, ('atto', 'start'): 544.1, ('atto', 'csc'): 544.4, ('atto', 'h2d'): 544.4, ('atto', 'count'): 544.4, ('atto', 'scan'): 544.4, ('atto', 'expand'): 544.6, ('atto', 'sort'): 545.0, ('atto', 'reduce'): 545.1, ('atto', 'final'): 545.4, ('atto', 'pack'): 545.5, ('atto', 'd2h'): 546.3, ('attg', 'start'): 546.8, ('attg', 'csc'): 547.1, ('attg', 'h2d'): 547.1, ('attg', 'count'): 547.1, ('attg', 'scan'): 547.2, ('attg', 'expand'): 547.4, ('attg', 'compact'): 547.7, ('attg', 'sort'): 548.1, ('attg', 'reduce'): 548.2, ('attg', 'final'): 548.5, ('attg', 'pack'): 548.5, ('attg', 'd2h'): 549.4, ('attc', 'start'): 549.9, ('attc', 'csc'): 550.2, ('attc', 'h2d'): 550.2, ('attc', 'count'): 550.2, ('attc', 'scan'): 550.3, ('attc', 'expand'): 550.5, ('attc', 'compact'): 550.9, ('attc', 'sort'): 551.2, ('attc', 'reduce'): 551.4, ('attc', 'final'): 551.6, ('attc', 'pack'): 551.7, ('attc', 'd2h'): 552.5, ('atti', 'start'): 553.0, ('atti', 'csc'): 553.3, ('atti', 'h2d'): 553.3, ('atti', 'count'): 553.3, ('atti', 'scan'): 553.4, ('atti', 'expand'): 553.6, ('atti', 'compact'): 553.9, ('atti', 'sort'): 554.3, ('atti', 'reduce'): 554.4, ('atti', 'final'): 554.7, ('atti', 'symbolic'): 554.7, ('atti', 'numeric'): 554.7, ('atti', 'pack'): 554.8, ('atti', 'd2h'): 555.6}",ex9,Highly sparse,0.87951398476838,1,188589,3363
1668,10750,1.553,1.201,1.245,1.276,1.274,28176,14922,14922,14922,14922,"{('cut', 'start'): 519.8, ('cut', 'h2d'): 519.8, ('cut', 'transpose'): 520.0, ('cut', 'workest'): 520.1, ('cut', 'compute'): 520.4, ('cut', 'copy'): 520.5, ('cut', 'pack'): 520.5, ('cut', 'd2h'): 521.2, ('atto', 'start'): 521.6, ('atto', 'csc'): 521.7, ('atto', 'h2d'): 521.7, ('atto', 'count'): 521.8, ('atto', 'scan'): 521.8, ('atto', 'expand'): 521.8, ('atto', 'sort'): 521.9, ('atto', 'reduce'): 522.0, ('atto', 'final'): 522.0, ('atto', 'pack'): 522.0, ('atto', 'd2h'): 522.7, ('attg', 'start'): 523.0, ('attg', 'csc'): 523.2, ('attg', 'h2d'): 523.2, ('attg', 'count'): 523.2, ('attg', 'scan'): 523.2, ('attg', 'expand'): 523.3, ('attg', 'compact'): 523.3, ('attg', 'sort'): 523.4, ('attg', 'reduce'): 523.5, ('attg', 'final'): 523.5, ('attg', 'pack'): 523.5, ('attg', 'd2h'): 524.2, ('attc', 'start'): 524.5, ('attc', 'csc'): 524.7, ('attc', 'h2d'): 524.7, ('attc', 'count'): 524.7, ('attc', 'scan'): 524.7, ('attc', 'expand'): 524.8, ('attc', 'compact'): 524.8, ('attc', 'sort'): 524.9, ('attc', 'reduce'): 525.0, ('attc', 'final'): 525.0, ('attc', 'pack'): 525.0, ('attc', 'd2h'): 525.7, ('atti', 'start'): 526.0, ('atti', 'csc'): 526.2, ('atti', 'h2d'): 526.2, ('atti', 'count'): 526.2, ('atti', 'scan'): 526.2, ('atti', 'expand'): 526.3, ('atti', 'compact'): 526.3, ('atti', 'sort'): 526.5, ('atti', 'reduce'): 526.5, ('atti', 'final'): 526.6, ('atti', 'symbolic'): 526.6, ('atti', 'numeric'): 526.6, ('atti', 'pack'): 526.6, ('atti', 'd2h'): 527.2}",filter2D,Highly sparse,0.38638154224821,1,14922,1668
10260,92703,372.436,228.277,234.02,235.904,243.039,83182632,41596446,41596446,41596446,41596446,"{('cut', 'start'): 2119.4, ('cut', 'h2d'): 2120.5, ('cut', 'transpose'): 2121.2, ('cut', 'workest'): 2121.5, ('cut', 'compute'): 2130.4, ('cut', 'copy'): 2131.6, ('cut', 'pack'): 2131.8, ('cut', 'd2h'): 2491.1, ('atto', 'start'): 2573.1, ('atto', 'csc'): 2577.0, ('atto', 'h2d'): 2577.0, ('atto', 'count'): 2577.1, ('atto', 'scan'): 2577.1, ('atto', 'expand'): 2599.2, ('atto', 'sort'): 2604.8, ('atto', 'reduce'): 2605.7, ('atto', 'final'): 2627.8, ('atto', 'pack'): 2627.9, ('atto', 'd2h'): 2800.4, ('attg', 'start'): 2835.6, ('attg', 'csc'): 2839.4, ('attg', 'h2d'): 2839.5, ('attg', 'count'): 2839.9, ('attg', 'scan'): 2839.9, ('attg', 'expand'): 2857.3, ('attg', 'compact'): 2860.3, ('attg', 'sort'): 2866.9, ('attg', 'reduce'): 2868.1, ('attg', 'final'): 2890.5, ('attg', 'pack'): 2890.7, ('attg', 'd2h'): 3068.5, ('attc', 'start'): 3102.6, ('attc', 'csc'): 3106.5, ('attc', 'h2d'): 3106.5, ('attc', 'count'): 3107.0, ('attc', 'scan'): 3107.0, ('attc', 'expand'): 3124.2, ('attc', 'compact'): 3126.0, ('attc', 'sort'): 3131.7, ('attc', 'reduce'): 3132.7, ('attc', 'final'): 3155.0, ('attc', 'pack'): 3155.2, ('attc', 'd2h'): 3337.5, ('atti', 'start'): 3370.1, ('atti', 'csc'): 3373.9, ('atti', 'h2d'): 3373.9, ('atti', 'count'): 3374.4, ('atti', 'scan'): 3374.4, ('atti', 'expand'): 3391.7, ('atti', 'compact'): 3393.5, ('atti', 'sort'): 3399.4, ('atti', 'reduce'): 3400.3, ('atti', 'final'): 3422.7, ('atti', 'symbolic'): 3422.7, ('atti', 'numeric'): 3436.2, ('atti', 'pack'): 3436.3, ('atti', 'd2h'): 3612.2}",hangGlider_3,Extremely sparse,0.08806413369355,1,41596446,10260
59,312,1.538,1.357,1.466,1.428,1.468,947,503,503,503,503,"{('cut', 'start'): 540.6, ('cut', 'h2d'): 540.7, ('cut', 'transpose'): 540.8, ('cut', 'workest'): 540.9, ('cut', 'compute'): 541.1, ('cut', 'copy'): 541.2, ('cut', 'pack'): 541.2, ('cut', 'd2h'): 542.0, ('atto', 'start'): 542.4, ('atto', 'csc'): 542.6, ('atto', 'h2d'): 542.6, ('atto', 'count'): 542.6, ('atto', 'scan'): 542.7, ('atto', 'expand'): 542.7, ('atto', 'sort'): 542.7, ('atto', 'reduce'): 542.8, ('atto', 'final'): 542.8, ('atto', 'pack'): 542.9, ('atto', 'd2h'): 543.6, ('attg', 'start'): 544.1, ('attg', 'csc'): 544.2, ('attg', 'h2d'): 544.2, ('attg', 'count'): 544.3, ('attg', 'scan'): 544.3, ('attg', 'expand'): 544.3, ('attg', 'compact'): 544.4, ('attg', 'sort'): 544.5, ('attg', 'reduce'): 544.5, ('attg', 'final'): 544.6, ('attg', 'pack'): 544.6, ('attg', 'd2h'): 545.4, ('attc', 'start'): 545.8, ('attc', 'csc'): 546.0, ('attc', 'h2d'): 546.0, ('attc', 'count'): 546.0, ('attc', 'scan'): 546.0, ('attc', 'expand'): 546.1, ('attc', 'compact'): 546.1, ('attc', 'sort'): 546.2, ('attc', 'reduce'): 546.2, ('attc', 'final'): 546.3, ('attc', 'pack'): 546.3, ('attc', 'd2h'): 547.1, ('atti', 'start'): 547.5, ('atti', 'csc'): 547.7, ('atti', 'h2d'): 547.7, ('atti', 'count'): 547.7, ('atti', 'scan'): 547.7, ('atti', 'expand'): 547.7, ('atti', 'compact'): 547.8, ('atti', 'sort'): 547.9, ('atti', 'reduce'): 547.9, ('atti', 'final'): 548.0, ('atti', 'symbolic'): 548.0, ('atti', 'numeric'): 548.0, ('atti', 'pack'): 548.0, ('atti', 'd2h'): 548.8}",impcol_b,Mildly sparse,7.78511921861534,1,503,59
147,2441,1.61,1.526,1.651,1.617,1.684,5821,2984,2984,2984,2984,"{('cut', 'start'): 537.0, ('cut', 'h2d'): 537.1, ('cut', 'transpose'): 537.3, ('cut', 'workest'): 537.4, ('cut', 'compute'): 537.6, ('cut', 'copy'): 537.6, ('cut', 'pack'): 537.7, ('cut', 'd2h'): 538.5, ('atto', 'start'): 539.0, ('atto', 'csc'): 539.2, ('atto', 'h2d'): 539.2, ('atto', 'count'): 539.2, ('atto', 'scan'): 539.3, ('atto', 'expand'): 539.3, ('atto', 'sort'): 539.4, ('atto', 'reduce'): 539.5, ('atto', 'final'): 539.5, ('atto', 'pack'): 539.5, ('atto', 'd2h'): 540.3, ('attg', 'start'): 540.8, ('attg', 'csc'): 541.0, ('attg', 'h2d'): 541.0, ('attg', 'count'): 541.0, ('attg', 'scan'): 541.0, ('attg', 'expand'): 541.1, ('attg', 'compact'): 541.2, ('attg', 'sort'): 541.3, ('attg', 'reduce'): 541.3, ('attg', 'final'): 541.4, ('attg', 'pack'): 541.4, ('attg', 'd2h'): 542.3, ('attc', 'start'): 542.7, ('attc', 'csc'): 542.9, ('attc', 'h2d'): 542.9, ('attc', 'count'): 542.9, ('attc', 'scan'): 543.0, ('attc', 'expand'): 543.0, ('attc', 'compact'): 543.1, ('attc', 'sort'): 543.2, ('attc', 'reduce'): 543.3, ('attc', 'final'): 543.3, ('attc', 'pack'): 543.3, ('attc', 'd2h'): 544.2, ('atti', 'start'): 544.6, ('atti', 'csc'): 544.8, ('atti', 'h2d'): 544.8, ('atti', 'count'): 544.8, ('atti', 'scan'): 544.8, ('atti', 'expand'): 544.9, ('atti', 'compact'): 545.0, ('atti', 'sort'): 545.1, ('atti', 'reduce'): 545.1, ('atti', 'final'): 545.2, ('atti', 'symbolic'): 545.2, ('atti', 'numeric'): 545.3, ('atti', 'pack'): 545.3, ('atti', 'd2h'): 546.1}",lund_b,Dense,11.29621916793928,1,2984,147
496,49920,2.524,3.093,3.776,3.818,4.104,157306,78877,78877,78877,78877,"{('cut', 'start'): 552.6, ('cut', 'h2d'): 552.7, ('cut', 'transpose'): 552.9, ('cut', 'workest'): 553.0, ('cut', 'compute'): 553.5, ('cut', 'copy'): 553.7, ('cut', 'pack'): 553.7, ('cut', 'd2h'): 554.9, ('atto', 'start'): 555.4, ('atto', 'csc'): 556.0, ('atto', 'h2d'): 556.0, ('atto', 'count'): 556.0, ('atto', 'scan'): 556.0, ('atto', 'expand'): 556.3, ('atto', 'sort'): 556.9, ('atto', 'reduce'): 557.1, ('atto', 'final'): 557.3, ('atto', 'pack'): 557.3, ('atto', 'd2h'): 558.2, ('attg', 'start'): 558.7, ('attg', 'csc'): 559.3, ('attg', 'h2d'): 559.3, ('attg', 'count'): 559.4, ('attg', 'scan'): 559.4, ('attg', 'expand'): 559.8, ('attg', 'compact'): 560.3, ('attg', 'sort'): 560.9, ('attg', 'reduce'): 561.1, ('attg', 'final'): 561.3, ('attg', 'pack'): 561.4, ('attg', 'd2h'): 562.2, ('attc', 'start'): 562.8, ('attc', 'csc'): 563.4, ('attc', 'h2d'): 563.4, ('attc', 'count'): 563.4, ('attc', 'scan'): 563.5, ('attc', 'expand'): 563.9, ('attc', 'compact'): 564.4, ('attc', 'sort'): 565.0, ('attc', 'reduce'): 565.2, ('attc', 'final'): 565.4, ('attc', 'pack'): 565.4, ('attc', 'd2h'): 566.3, ('atti', 'start'): 566.9, ('atti', 'csc'): 567.5, ('atti', 'h2d'): 567.5, ('atti', 'count'): 567.5, ('atti', 'scan'): 567.6, ('atti', 'expand'): 567.9, ('atti', 'compact'): 568.5, ('atti', 'sort'): 569.1, ('atti', 'reduce'): 569.2, ('atti', 'final'): 569.5, ('atti', 'symbolic'): 569.5, ('atti', 'numeric'): 569.8, ('atti', 'pack'): 569.8, ('atti', 'd2h'): 570.7}",mbeaflw,Dense,20.29136316337148,1,78877,448
48,306,1.496,1.33,1.41,1.391,1.428,772,410,410,410,410,"{('cut', 'start'): 521.5, ('cut', 'h2d'): 521.6, ('cut', 'transpose'): 521.7, ('cut', 'workest'): 521.8, ('cut', 'compute'): 521.9, ('cut', 'copy'): 522.0, ('cut', 'pack'): 522.0, ('cut', 'd2h'): 522.9, ('atto', 'start'): 523.3, ('atto', 'csc'): 523.5, ('atto', 'h2d'): 523.5, ('atto', 'count'): 523.5, ('atto', 'scan'): 523.5, ('atto', 'expand'): 523.5, ('atto', 'sort'): 523.6, ('atto', 'reduce'): 523.6, ('atto', 'final'): 523.7, ('atto', 'pack'): 523.7, ('atto', 'd2h'): 524.5, ('attg', 'start'): 524.9, ('attg', 'csc'): 525.0, ('attg', 'h2d'): 525.1, ('attg', 'count'): 525.1, ('attg', 'scan'): 525.1, ('attg', 'expand'): 525.1, ('attg', 'compact'): 525.2, ('attg', 'sort'): 525.2, ('attg', 'reduce'): 525.3, ('attg', 'final'): 525.3, ('attg', 'pack'): 525.4, ('attg', 'd2h'): 526.2, ('attc', 'start'): 526.6, ('attc', 'csc'): 526.7, ('attc', 'h2d'): 526.7, ('attc', 'count'): 526.7, ('attc', 'scan'): 526.8, ('attc', 'expand'): 526.8, ('attc', 'compact'): 526.9, ('attc', 'sort'): 526.9, ('attc', 'reduce'): 527.0, ('attc', 'final'): 527.0, ('attc', 'pack'): 527.0, ('attc', 'd2h'): 527.8, ('atti', 'start'): 528.2, ('atti', 'csc'): 528.4, ('atti', 'h2d'): 528.4, ('atti', 'count'): 528.4, ('atti', 'scan'): 528.4, ('atti', 'expand'): 528.4, ('atti', 'compact'): 528.5, ('atti', 'sort'): 528.6, ('atti', 'reduce'): 528.6, ('atti', 'final'): 528.6, ('atti', 'symbolic'): 528.7, ('atti', 'numeric'): 528.7, ('atti', 'pack'): 528.7, ('atti', 'd2h'): 529.5}",mesh1e1,Dense,13.28125,1,410,48
9506,818302,13.223,11.319,13.208,13.908,14.218,1784266,896886,896886,896886,896886,"{('cut', 'start'): 734.2, ('cut', 'h2d'): 736.0, ('cut', 'transpose'): 736.5, ('cut', 'workest'): 737.0, ('cut', 'compute'): 739.8, ('cut', 'copy'): 740.0, ('cut', 'pack'): 740.0, ('cut', 'd2h'): 747.0, ('atto', 'start'): 748.8, ('atto', 'csc'): 750.4, ('atto', 'h2d'): 750.4, ('atto', 'count'): 750.4, ('atto', 'scan'): 750.5, ('atto', 'expand'): 750.9, ('atto', 'sort'): 755.5, ('atto', 'reduce'): 756.0, ('atto', 'final'): 756.4, ('atto', 'pack'): 756.5, ('atto', 'd2h'): 759.4, ('attg', 'start'): 760.9, ('attg', 'csc'): 762.4, ('attg', 'h2d'): 762.4, ('attg', 'count'): 762.4, ('attg', 'scan'): 762.5, ('attg', 'expand'): 763.1, ('attg', 'compact'): 764.6, ('attg', 'sort'): 769.4, ('attg', 'reduce'): 769.9, ('attg', 'final'): 770.3, ('attg', 'pack'): 770.4, ('attg', 'd2h'): 773.2, ('attc', 'start'): 774.8, ('attc', 'csc'): 777.1, ('attc', 'h2d'): 777.1, ('attc', 'count'): 777.1, ('attc', 'scan'): 777.2, ('attc', 'expand'): 777.8, ('attc', 'compact'): 779.3, ('attc', 'sort'): 784.1, ('attc', 'reduce'): 784.6, ('attc', 'final'): 785.0, ('attc', 'pack'): 785.1, ('attc', 'd2h'): 787.8, ('atti', 'start'): 789.4, ('atti', 'csc'): 791.7, ('atti', 'h2d'): 791.7, ('atti', 'count'): 791.7, ('atti', 'scan'): 791.8, ('atti', 'expand'): 792.5, ('atti', 'compact'): 793.9, ('atti', 'sort'): 798.7, ('atti', 'reduce'): 799.2, ('atti', 'final'): 799.7, ('atti', 'symbolic'): 799.7, ('atti', 'numeric'): 800.0, ('atti', 'pack'): 800.2, ('atti', 'd2h'): 802.8}",nemeth19,Highly sparse,0.90556158868335,1,896886,9506
9506,971870,20.229,14.585,17.362,19.041,20.22,2172140,1090823,1090823,1090823,1090823,"{('cut', 'start'): 799.1, ('cut', 'h2d'): 802.1, ('cut', 'transpose'): 803.2, ('cut', 'workest'): 803.8, ('cut', 'compute'): 807.3, ('cut', 'copy'): 807.6, ('cut', 'pack'): 807.7, ('cut', 'd2h'): 818.7, ('atto', 'start'): 821.1, ('atto', 'csc'): 822.8, ('atto', 'h2d'): 822.8, ('atto', 'count'): 822.8, ('atto', 'scan'): 822.8, ('atto', 'expand'): 823.4, ('atto', 'sort'): 829.8, ('atto', 'reduce'): 830.5, ('atto', 'final'): 831.0, ('atto', 'pack'): 831.1, ('atto', 'd2h'): 834.8, ('attg', 'start'): 836.6, ('attg', 'csc'): 838.4, ('attg', 'h2d'): 838.4, ('attg', 'count'): 838.4, ('attg', 'scan'): 838.5, ('attg', 'expand'): 839.3, ('attg', 'compact'): 841.2, ('attg', 'sort'): 848.0, ('attg', 'reduce'): 848.6, ('attg', 'final'): 849.1, ('attg', 'pack'): 849.2, ('attg', 'd2h'): 852.9, ('attc', 'start'): 854.8, ('attc', 'csc'): 858.1, ('attc', 'h2d'): 858.1, ('attc', 'count'): 858.1, ('attc', 'scan'): 858.1, ('attc', 'expand'): 859.0, ('attc', 'compact'): 860.9, ('attc', 'sort'): 867.6, ('attc', 'reduce'): 868.2, ('attc', 'final'): 868.7, ('attc', 'pack'): 868.8, ('attc', 'd2h'): 872.7, ('atti', 'start'): 874.7, ('atti', 'csc'): 878.1, ('atti', 'h2d'): 878.1, ('atti', 'count'): 878.1, ('atti', 'scan'): 878.2, ('atti', 'expand'): 879.0, ('atti', 'compact'): 881.1, ('atti', 'sort'): 887.8, ('atti', 'reduce'): 888.5, ('atti', 'final'): 889.1, ('atti', 'symbolic'): 889.1, ('atti', 'numeric'): 889.6, ('atti', 'pack'): 889.7, ('atti', 'd2h'): 893.9}",nemeth20,Mildly sparse,1.07550530390209,1,1090823,9506
105,882,1.606,1.474,1.563,1.513,1.577,4073,2089,2089,2089,2089,"{('cut', 'start'): 528.5, ('cut', 'h2d'): 528.7, ('cut', 'transpose'): 528.8, ('cut', 'workest'): 528.9, ('cut', 'compute'): 529.1, ('cut', 'copy'): 529.1, ('cut', 'pack'): 529.1, ('cut', 'd2h'): 530.0, ('atto', 'start'): 530.4, ('atto', 'csc'): 530.6, ('atto', 'h2d'): 530.6, ('atto', 'count'): 530.6, ('atto', 'scan'): 530.7, ('atto', 'expand'): 530.7, ('atto', 'sort'): 530.8, ('atto', 'reduce'): 530.9, ('atto', 'final'): 530.9, ('atto', 'pack'): 530.9, ('atto', 'd2h'): 531.7, ('attg', 'start'): 532.1, ('attg', 'csc'): 532.3, ('attg', 'h2d'): 532.3, ('attg', 'count'): 532.4, ('attg', 'scan'): 532.4, ('attg', 'expand'): 532.4, ('attg', 'compact'): 532.5, ('attg', 'sort'): 532.7, ('attg', 'reduce'): 532.7, ('attg', 'final'): 532.7, ('attg', 'pack'): 532.8, ('attg', 'd2h'): 533.6, ('attc', 'start'): 534.0, ('attc', 'csc'): 534.2, ('attc', 'h2d'): 534.2, ('attc', 'count'): 534.2, ('attc', 'scan'): 534.2, ('attc', 'expand'): 534.3, ('attc', 'compact'): 534.3, ('attc', 'sort'): 534.5, ('attc', 'reduce'): 534.5, ('attc', 'final'): 534.6, ('attc', 'pack'): 534.6, ('attc', 'd2h'): 535.3, ('atti', 'start'): 535.8, ('atti', 'csc'): 535.9, ('atti', 'h2d'): 536.0, ('atti', 'count'): 536.0, ('atti', 'scan'): 536.0, ('atti', 'expand'): 536.0, ('atti', 'compact'): 536.1, ('atti', 'sort'): 536.2, ('atti', 'reduce'): 536.3, ('atti', 'final'): 536.4, ('atti', 'symbolic'): 536.4, ('atti', 'numeric'): 536.4, ('atti', 'pack'): 536.4, ('atti', 'd2h'): 537.2}",polbooks,Mildly sparse,8.0,1,2089,105
15575,33074,1.83,1.936,2.35,2.348,2.426,53013,34294,34294,34294,34294,"{('cut', 'start'): 521.3, ('cut', 'h2d'): 521.5, ('cut', 'transpose'): 521.6, ('cut', 'workest'): 521.7, ('cut', 'compute'): 522.0, ('cut', 'copy'): 522.1, ('cut', 'pack'): 522.1, ('cut', 'd2h'): 523.1, ('atto', 'start'): 523.4, ('atto', 'csc'): 523.8, ('atto', 'h2d'): 523.8, ('atto', 'count'): 523.8, ('atto', 'scan'): 523.9, ('atto', 'expand'): 523.9, ('atto', 'sort'): 524.0, ('atto', 'reduce'): 524.1, ('atto', 'final'): 524.3, ('atto', 'pack'): 524.3, ('atto', 'd2h'): 525.2, ('attg', 'start'): 525.6, ('attg', 'csc'): 526.0, ('attg', 'h2d'): 526.1, ('attg', 'count'): 526.1, ('attg', 'scan'): 526.1, ('attg', 'expand'): 526.2, ('attg', 'compact'): 526.4, ('attg', 'sort'): 526.7, ('attg', 'reduce'): 526.8, ('attg', 'final'): 526.9, ('attg', 'pack'): 526.9, ('attg', 'd2h'): 527.8, ('attc', 'start'): 528.2, ('attc', 'csc'): 528.6, ('attc', 'h2d'): 528.6, ('attc', 'count'): 528.7, ('attc', 'scan'): 528.7, ('attc', 'expand'): 528.8, ('attc', 'compact'): 529.1, ('attc', 'sort'): 529.4, ('attc', 'reduce'): 529.5, ('attc', 'final'): 529.5, ('attc', 'pack'): 529.5, ('attc', 'd2h'): 530.4, ('atti', 'start'): 530.8, ('atti', 'csc'): 531.3, ('atti', 'h2d'): 531.3, ('atti', 'count'): 531.3, ('atti', 'scan'): 531.3, ('atti', 'expand'): 531.4, ('atti', 'compact'): 531.7, ('atti', 'sort'): 531.9, ('atti', 'reduce'): 532.0, ('atti', 'final'): 532.1, ('atti', 'symbolic'): 532.1, ('atti', 'numeric'): 532.2, ('atti', 'pack'): 532.2, ('atti', 'd2h'): 533.1}",poli_large,Extremely sparse,0.0136173282594099,1,34294,15575
3402,137845,5.443,4.358,4.63,4.621,4.801,617340,310371,310371,310371,310371,"{('cut', 'start'): 580.7, ('cut', 'h2d'): 581.0, ('cut', 'transpose'): 581.4, ('cut', 'workest'): 581.7, ('cut', 'compute'): 582.4, ('cut', 'copy'): 582.7, ('cut', 'pack'): 582.8, ('cut', 'd2h'): 585.8, ('atto', 'start'): 586.7, ('atto', 'csc'): 587.5, ('atto', 'h2d'): 587.5, ('atto', 'count'): 587.6, ('atto', 'scan'): 587.6, ('atto', 'expand'): 587.8, ('atto', 'sort'): 588.5, ('atto', 'reduce'): 588.8, ('atto', 'final'): 589.1, ('atto', 'pack'): 589.2, ('atto', 'd2h'): 590.6, ('attg', 'start'): 591.3, ('attg', 'csc'): 592.0, ('attg', 'h2d'): 592.0, ('attg', 'count'): 592.0, ('attg', 'scan'): 592.1, ('attg', 'expand'): 592.4, ('attg', 'compact'): 592.9, ('attg', 'sort'): 593.6, ('attg', 'reduce'): 593.8, ('attg', 'final'): 594.2, ('attg', 'pack'): 594.3, ('attg', 'd2h'): 595.5, ('attc', 'start'): 596.3, ('attc', 'csc'): 597.0, ('attc', 'h2d'): 597.0, ('attc', 'count'): 597.0, ('attc', 'scan'): 597.1, ('attc', 'expand'): 597.4, ('attc', 'compact'): 597.9, ('attc', 'sort'): 598.6, ('attc', 'reduce'): 598.8, ('attc', 'final'): 599.1, ('attc', 'pack'): 599.2, ('attc', 'd2h'): 600.4, ('atti', 'start'): 601.2, ('atti', 'csc'): 601.9, ('atti', 'h2d'): 601.9, ('atti', 'count'): 601.9, ('atti', 'scan'): 602.0, ('atti', 'expand'): 602.3, ('atti', 'compact'): 602.8, ('atti', 'sort'): 603.5, ('atti', 'reduce'): 603.7, ('atti', 'final'): 604.1, ('atti', 'symbolic'): 604.1, ('atti', 'numeric'): 604.2, ('atti', 'pack'): 604.4, ('atti', 'd2h'): 605.6}",raefsky6,Mildly sparse,1.12645119013921,1,310371,3402
10,76,1.225,1.083,1.183,1.159,1.203,100,55,55,55,55,"{('cut', 'start'): 521.3, ('cut', 'h2d'): 521.3, ('cut', 'transpose'): 521.4, ('cut', 'workest'): 521.5, ('cut', 'compute'): 521.7, ('cut', 'copy'): 521.7, ('cut', 'pack'): 521.7, ('cut', 'd2h'): 522.4, ('atto', 'start'): 522.7, ('atto', 'csc'): 522.8, ('atto', 'h2d'): 522.9, ('atto', 'count'): 522.9, ('atto', 'scan'): 522.9, ('atto', 'expand'): 522.9, ('atto', 'sort'): 523.0, ('atto', 'reduce'): 523.0, ('atto', 'final'): 523.1, ('atto', 'pack'): 523.1, ('atto', 'd2h'): 523.7, ('attg', 'start'): 524.1, ('attg', 'csc'): 524.2, ('attg', 'h2d'): 524.2, ('attg', 'count'): 524.2, ('attg', 'scan'): 524.3, ('attg', 'expand'): 524.3, ('attg', 'compact'): 524.4, ('attg', 'sort'): 524.4, ('attg', 'reduce'): 524.4, ('attg', 'final'): 524.5, ('attg', 'pack'): 524.5, ('attg', 'd2h'): 525.2, ('attc', 'start'): 525.5, ('attc', 'csc'): 525.6, ('attc', 'h2d'): 525.6, ('attc', 'count'): 525.7, ('attc', 'scan'): 525.7, ('attc', 'expand'): 525.7, ('attc', 'compact'): 525.8, ('attc', 'sort'): 525.8, ('attc', 'reduce'): 525.8, ('attc', 'final'): 525.9, ('attc', 'pack'): 525.9, ('attc', 'd2h'): 526.6, ('atti', 'start'): 526.9, ('atti', 'csc'): 527.0, ('atti', 'h2d'): 527.0, ('atti', 'count'): 527.1, ('atti', 'scan'): 527.1, ('atti', 'expand'): 527.1, ('atti', 'compact'): 527.2, ('atti', 'sort'): 527.2, ('atti', 'reduce'): 527.3, ('atti', 'final'): 527.3, ('atti', 'symbolic'): 527.3, ('atti', 'numeric'): 527.3, ('atti', 'pack'): 527.3, ('atti', 'd2h'): 528.0}",rgg010,Dense,76.0,1,55,10
3312,20793,1.852,1.844,2.179,2.379,2.402,72066,37689,37689,37689,37689,"{('cut', 'start'): 540.0, ('cut', 'h2d'): 540.1, ('cut', 'transpose'): 540.3, ('cut', 'workest'): 540.4, ('cut', 'compute'): 540.7, ('cut', 'copy'): 540.8, ('cut', 'pack'): 540.8, ('cut', 'd2h'): 541.8, ('atto', 'start'): 542.1, ('atto', 'csc'): 542.4, ('atto', 'h2d'): 542.4, ('atto', 'count'): 542.4, ('atto', 'scan'): 542.4, ('atto', 'expand'): 542.4, ('atto', 'sort'): 542.8, ('atto', 'reduce'): 542.9, ('atto', 'final'): 542.9, ('atto', 'pack'): 543.0, ('atto', 'd2h'): 543.8, ('attg', 'start'): 544.3, ('attg', 'csc'): 544.5, ('attg', 'h2d'): 544.5, ('attg', 'count'): 544.5, ('attg', 'scan'): 544.5, ('attg', 'expand'): 544.7, ('attg', 'compact'): 544.9, ('attg', 'sort'): 545.2, ('attg', 'reduce'): 545.3, ('attg', 'final'): 545.4, ('attg', 'pack'): 545.4, ('attg', 'd2h'): 546.3, ('attc', 'start'): 546.7, ('attc', 'csc'): 546.9, ('attc', 'h2d'): 546.9, ('attc', 'count'): 547.0, ('attc', 'scan'): 547.0, ('attc', 'expand'): 547.1, ('attc', 'compact'): 547.4, ('attc', 'sort'): 547.6, ('attc', 'reduce'): 547.7, ('attc', 'final'): 547.8, ('attc', 'pack'): 547.9, ('attc', 'd2h'): 548.9, ('atti', 'start'): 549.3, ('atti', 'csc'): 549.6, ('atti', 'h2d'): 549.6, ('atti', 'count'): 549.6, ('atti', 'scan'): 549.6, ('atti', 'expand'): 549.9, ('atti', 'compact'): 550.1, ('atti', 'sort'): 550.4, ('atti', 'reduce'): 550.5, ('atti', 'final'): 550.7, ('atti', 'symbolic'): 550.7, ('atti', 'numeric'): 550.7, ('atti', 'pack'): 550.7, ('atti', 'd2h'): 551.6}",sherman5,Highly sparse,0.18955554680389,1,37689,3312
500,28726,2.4,2.827,3.367,3.327,3.465,208298,104399,104399,104399,104399,"{('cut', 'start'): 546.8, ('cut', 'h2d'): 546.9, ('cut', 'transpose'): 547.1, ('cut', 'workest'): 547.2, ('cut', 'compute'): 547.7, ('cut', 'copy'): 547.8, ('cut', 'pack'): 547.9, ('cut', 'd2h'): 549.0, ('atto', 'start'): 549.5, ('atto', 'csc'): 549.9, ('atto', 'h2d'): 549.9, ('atto', 'count'): 549.9, ('atto', 'scan'): 549.9, ('atto', 'expand'): 550.2, ('atto', 'sort'): 550.6, ('atto', 'reduce'): 550.8, ('atto', 'final'): 551.0, ('atto', 'pack'): 551.1, ('atto', 'd2h'): 552.0, ('attg', 'start'): 552.5, ('attg', 'csc'): 553.0, ('attg', 'h2d'): 553.0, ('attg', 'count'): 553.0, ('attg', 'scan'): 553.1, ('attg', 'expand'): 553.4, ('attg', 'compact'): 553.8, ('attg', 'sort'): 554.2, ('attg', 'reduce'): 554.4, ('attg', 'final'): 554.6, ('attg', 'pack'): 554.7, ('attg', 'd2h'): 555.6, ('attc', 'start'): 556.2, ('attc', 'csc'): 556.6, ('attc', 'h2d'): 556.6, ('attc', 'count'): 556.7, ('attc', 'scan'): 556.7, ('attc', 'expand'): 557.0, ('attc', 'compact'): 557.4, ('attc', 'sort'): 557.8, ('attc', 'reduce'): 558.0, ('attc', 'final'): 558.2, ('attc', 'pack'): 558.3, ('attc', 'd2h'): 559.2, ('atti', 'start'): 559.8, ('atti', 'csc'): 560.2, ('atti', 'h2d'): 560.2, ('atti', 'count'): 560.2, ('atti', 'scan'): 560.3, ('atti', 'expand'): 560.6, ('atti', 'compact'): 561.0, ('atti', 'sort'): 561.4, ('atti', 'reduce'): 561.6, ('atti', 'final'): 561.8, ('atti', 'symbolic'): 561.8, ('atti', 'numeric'): 561.9, ('atti', 'pack'): 562.0, ('atti', 'd2h'): 562.9}",tomography,Dense,11.4904,1,104399,500
460,4690,2.173,2.21,2.622,2.574,2.651,208190,104325,104325,104325,104325,"{('cut', 'start'): 529.3, ('cut', 'h2d'): 529.4, ('cut', 'transpose'): 529.5, ('cut', 'workest'): 529.6, ('cut', 'compute'): 529.9, ('cut', 'copy'): 530.0, ('cut', 'pack'): 530.1, ('cut', 'd2h'): 531.3, ('atto', 'start'): 531.7, ('atto', 'csc'): 532.1, ('atto', 'h2d'): 532.1, ('atto', 'count'): 532.1, ('atto', 'scan'): 532.1, ('atto', 'expand'): 532.2, ('atto', 'sort'): 532.5, ('atto', 'reduce'): 532.6, ('atto', 'final'): 532.7, ('atto', 'pack'): 532.8, ('atto', 'd2h'): 533.7, ('attg', 'start'): 534.2, ('attg', 'csc'): 534.5, ('attg', 'h2d'): 534.6, ('attg', 'count'): 534.6, ('attg', 'scan'): 534.6, ('attg', 'expand'): 534.8, ('attg', 'compact'): 535.1, ('attg', 'sort'): 535.3, ('attg', 'reduce'): 535.4, ('attg', 'final'): 535.5, ('attg', 'pack'): 535.6, ('attg', 'd2h'): 536.6, ('attc', 'start'): 537.1, ('attc', 'csc'): 537.4, ('attc', 'h2d'): 537.4, ('attc', 'count'): 537.5, ('attc', 'scan'): 537.5, ('attc', 'expand'): 537.8, ('attc', 'compact'): 538.0, ('attc', 'sort'): 538.2, ('attc', 'reduce'): 538.3, ('attc', 'final'): 538.4, ('attc', 'pack'): 538.5, ('attc', 'd2h'): 539.4, ('atti', 'start'): 539.9, ('atti', 'csc'): 540.3, ('atti', 'h2d'): 540.3, ('atti', 'count'): 540.3, ('atti', 'scan'): 540.4, ('atti', 'expand'): 540.6, ('atti', 'compact'): 540.8, ('atti', 'sort'): 541.0, ('atti', 'reduce'): 541.1, ('atti', 'final'): 541.3, ('atti', 'symbolic'): 541.3, ('atti', 'numeric'): 541.3, ('atti', 'pack'): 541.4, ('atti', 'd2h'): 542.3}",tumorAntiAngiogenesis_5,Mildly sparse,2.2164461247637,1,104325,460
58348,4033156,97.907,83.586,96.428,80.746,89.173,18175907,9117122,9117122,9117122,9117122,"{('cut', 'start'): 1510.5, ('cut', 'h2d'): 1517.8, ('cut', 'transpose'): 1518.9, ('cut', 'workest'): 1519.6, ('cut', 'compute'): 1537.3, ('cut', 'copy'): 1537.7, ('cut', 'pack'): 1537.8, ('cut', 'd2h'): 1608.1, ('atto', 'start'): 1621.9, ('atto', 'csc'): 1640.6, ('atto', 'h2d'): 1640.6, ('atto', 'count'): 1640.6, ('atto', 'scan'): 1640.7, ('atto', 'expand'): 1642.3, ('atto', 'sort'): 1664.6, ('atto', 'reduce'): 1666.4, ('atto', 'final'): 1668.4, ('atto', 'pack'): 1668.5, ('atto', 'd2h'): 1704.3, ('attg', 'start'): 1712.5, ('attg', 'csc'): 1732.4, ('attg', 'h2d'): 1732.4, ('attg', 'count'): 1732.5, ('attg', 'scan'): 1732.5, ('attg', 'expand'): 1739.4, ('attg', 'compact'): 1745.4, ('attg', 'sort'): 1768.1, ('attg', 'reduce'): 1770.1, ('attg', 'final'): 1771.7, ('attg', 'pack'): 1771.8, ('attg', 'd2h'): 1806.4, ('attc', 'start'): 1815.9, ('attc', 'csc'): 1824.1, ('attc', 'h2d'): 1824.1, ('attc', 'count'): 1824.1, ('attc', 'scan'): 1824.2, ('attc', 'expand'): 1830.9, ('attc', 'compact'): 1836.7, ('attc', 'sort'): 1859.0, ('attc', 'reduce'): 1861.0, ('attc', 'final'): 1862.5, ('attc', 'pack'): 1862.6, ('attc', 'd2h'): 1894.1, ('atti', 'start'): 1903.4, ('atti', 'csc'): 1912.0, ('atti', 'h2d'): 1912.0, ('atti', 'count'): 1912.1, ('atti', 'scan'): 1912.1, ('atti', 'expand'): 1918.8, ('atti', 'compact'): 1924.5, ('atti', 'sort'): 1947.2, ('atti', 'reduce'): 1949.2, ('atti', 'final'): 1950.8, ('atti', 'symbolic'): 1950.8, ('atti', 'numeric'): 1955.4, ('atti', 'pack'): 1955.8, ('atti', 'd2h'): 1990.4}",vsp_bcsstk30_500sep_10in_1Kout,Highly sparse,0.1184658219426,1,9117122,58337
253096,1209404,21.399,14.042,15.6,15.492,15.892,4989650,2621373,2621373,2621373,2621373,"{('cut', 'start'): 852.8, ('cut', 'h2d'): 854.5, ('cut', 'transpose'): 855.1, ('cut', 'workest'): 855.6, ('cut', 'compute'): 856.1, ('cut', 'copy'): 856.3, ('cut', 'pack'): 856.4, ('cut', 'd2h'): 874.0, ('atto', 'start'): 878.1, ('atto', 'csc'): 880.3, ('atto', 'h2d'): 880.4, ('atto', 'count'): 880.4, ('atto', 'scan'): 880.5, ('atto', 'expand'): 880.9, ('atto', 'sort'): 881.7, ('atto', 'reduce'): 881.9, ('atto', 'final'): 882.2, ('atto', 'pack'): 882.3, ('atto', 'd2h'): 891.5, ('attg', 'start'): 894.2, ('attg', 'csc'): 896.4, ('attg', 'h2d'): 896.5, ('attg', 'count'): 896.5, ('attg', 'scan'): 896.6, ('attg', 'expand'): 898.0, ('attg', 'compact'): 898.7, ('attg', 'sort'): 899.5, ('attg', 'reduce'): 899.7, ('attg', 'final'): 900.0, ('attg', 'pack'): 900.1, ('attg', 'd2h'): 909.1, ('attc', 'start'): 911.8, ('attc', 'csc'): 914.1, ('attc', 'h2d'): 914.1, ('attc', 'count'): 914.1, ('attc', 'scan'): 914.2, ('attc', 'expand'): 915.7, ('attc', 'compact'): 916.4, ('attc', 'sort'): 917.1, ('attc', 'reduce'): 917.3, ('attc', 'final'): 917.7, ('attc', 'pack'): 917.7, ('attc', 'd2h'): 926.7, ('atti', 'start'): 929.4, ('atti', 'csc'): 931.6, ('atti', 'h2d'): 931.7, ('atti', 'count'): 931.7, ('atti', 'scan'): 931.8, ('atti', 'expand'): 933.2, ('atti', 'compact'): 933.9, ('atti', 'sort'): 934.7, ('atti', 'reduce'): 934.9, ('atti', 'final'): 935.3, ('atti', 'symbolic'): 935.3, ('atti', 'numeric'): 935.6, ('atti', 'pack'): 935.7, ('atti', 'd2h'): 944.7}",wi2010,Extremely sparse,0.0018879949906352,1,2621373,253096
