name,class,tag,n,A_nnz,h2d,csc,count,scan,expand,merge,compact,workest,compute,copy,sort,reduce,final,numeric,pack,d2h
bcsstk02,Dense,cu,66,4356,0.07799999999997453,,,,,,,0.05899999999996908,0.22900000000004184,0.049999999999954525,,,,,0.028999999999996362,0.10500000000001819
bcsstk02,Dense,gust,66,4356,0.07800000000008822,,0.027999999999906322,0.04000000000007731,0.10099999999999909,,,,,,0.25699999999994816,0.15399999999999636,0.19299999999998363,,0.02400000000000091,0.020000000000095497
bcsstk02,Dense,merge,66,4356,0.07799999999997453,,0.027000000000043656,0.03899999999998727,0.46500000000003183,0.8759999999999764,0.1409999999999627,,,,,,0.11099999999999,,0.030000000000086402,0.012999999999919964
bcsstk02,Dense,mrg2,66,4356,0.07699999999999818,,0.02400000000000091,0.036999999999920874,,0.1690000000000964,0.08799999999996544,,,,,,0.03999999999996362,,0.023000000000024556,0.013000000000033651
bcsstk02,Dense,mrg3,66,4356,0.07400000000006912,,0.04099999999993997,0.051000000000044565,,0.04699999999991178,,,,,,,,,0.020000000000095497,0.012999999999919964
can_24,Dense,cu,24,160,0.07900000000006457,,,,,,,0.05599999999992633,0.15399999999999636,0.05700000000001637,,,,,0.022000000000048203,0.028999999999996362
can_24,Dense,gust,24,160,0.09199999999998454,,0.02299999999991087,0.039000000000100954,0.02699999999992997,,,,,,0.047000000000025466,0.043000000000006366,0.05499999999994998,,0.02100000000007185,0.009999999999990905
can_24,Dense,merge,24,160,0.07399999999995543,,0.027000000000043656,0.03499999999996817,0.035000000000081855,0.05099999999993088,0.027000000000043656,,,,,,0.03899999999998727,,0.019000000000005457,0.010999999999967258
can_24,Dense,mrg2,24,160,0.07200000000000273,,0.023000000000024556,0.03599999999994452,,0.05000000000006821,0.0340000000001055,,,,,,0.03799999999989723,,0.017999999999915417,0.011000000000080945
can_24,Dense,mrg3,24,160,0.07200000000000273,,0.027000000000043656,0.04899999999997817,,0.02800000000002001,,,,,,,,,0.017999999999915417,0.011000000000080945
bcsstk04,Dense,cu,132,3648,0.08500000000003638,,,,,,,0.057999999999992724,0.2580000000000382,0.05999999999994543,,,,,0.029999999999972715,0.1150000000000091
bcsstk04,Dense,gust,132,3648,0.08399999999994634,,0.026000000000067303,0.03999999999996362,0.043000000000006366,,,,,,0.2680000000000291,0.12400000000002365,0.1349999999999909,,0.024999999999977263,0.025999999999953616
bcsstk04,Dense,merge,132,3648,0.09199999999998454,,0.033999999999991815,0.04200000000003001,0.17700000000002092,0.7110000000000127,0.10099999999999909,,,,,,0.04800000000000182,,0.02400000000000091,0.017999999999915417
bcsstk04,Dense,mrg2,132,3648,0.07900000000006457,,0.02400000000000091,0.03999999999996362,,0.15099999999995362,0.023000000000024556,,,,,,0.038000000000010914,,0.018000000000029104,0.016999999999939064
bcsstk04,Dense,mrg3,132,3648,0.07800000000008822,,0.05199999999990723,0.06600000000003092,,0.05899999999996908,,,,,,,,,0.020000000000095497,0.017999999999915417
bcsstk01,Dense,cu,48,400,0.07699999999999818,,,,,,,0.06399999999996453,0.15399999999999636,0.05400000000008731,,,,,0.020999999999958163,0.024999999999977263
bcsstk01,Dense,gust,48,400,0.07999999999992724,,0.022000000000048203,0.03700000000003456,0.024999999999977263,,,,,,0.11000000000001364,0.03999999999996362,0.05600000000004002,,0.01999999999998181,0.010999999999967258
bcsstk01,Dense,merge,48,400,0.07900000000006457,,0.021999999999934516,0.04500000000007276,0.036999999999920874,0.07400000000006912,0.02500000000009095,,,,,,0.036999999999920874,,0.01899999999989177,0.010000000000104592
bcsstk01,Dense,mrg2,48,400,0.07399999999995543,,0.022000000000048203,0.033999999999991815,,0.045999999999935426,0.02400000000000091,,,,,,0.03200000000003911,,0.018000000000029104,0.010999999999967258
bcsstk01,Dense,mrg3,48,400,0.07299999999997908,,0.027000000000043656,0.04800000000000182,,0.028999999999996362,,,,,,,,,0.019000000000005457,0.010999999999967258
can_61,Dense,cu,61,557,0.08699999999998909,,,,,,,0.07399999999995543,0.18500000000005912,0.06599999999991724,,,,,0.027000000000043656,0.02699999999992997
can_61,Dense,gust,61,557,0.08100000000001728,,0.02400000000000091,0.045999999999935426,0.029999999999972715,,,,,,0.13800000000003365,0.05200000000002092,0.06399999999996453,,0.026000000000067303,0.011999999999943611
can_61,Dense,merge,61,557,0.08500000000003638,,0.024999999999977263,0.04200000000003001,0.05200000000002092,0.15399999999999636,0.027000000000043656,,,,,,0.045999999999935426,,0.021999999999934516,0.011000000000080945
can_61,Dense,mrg2,61,557,0.07899999999995089,,0.031000000000062755,0.043000000000006366,,0.05899999999996908,0.026000000000067303,,,,,,0.03999999999996362,,0.024999999999977263,0.011999999999943611
can_61,Dense,mrg3,61,557,0.07699999999999818,,0.03199999999992542,0.057999999999992724,,0.03600000000005821,,,,,,,,,0.023000000000024556,0.012999999999919964
bcsstk05,Dense,cu,153,2423,0.08799999999996544,,,,,,,0.06999999999993634,0.18299999999999272,0.06000000000005912,,,,,0.03300000000001546,0.03300000000001546
bcsstk05,Dense,gust,153,2423,0.09299999999996089,,0.029999999999972715,0.04200000000003001,0.029999999999972715,,,,,,0.12999999999999545,0.04600000000004911,0.06100000000003547,,0.02299999999991087,0.022000000000048203
bcsstk05,Dense,merge,153,2423,0.08699999999998909,,0.024999999999977263,0.03899999999998727,0.06600000000003092,0.17499999999995453,0.02800000000002001,,,,,,0.053999999999973625,,0.019000000000005457,0.014999999999986358
bcsstk05,Dense,mrg2,153,2423,0.08600000000001273,,0.024999999999977263,0.03899999999998727,,0.06600000000003092,0.025999999999953616,,,,,,0.03899999999998727,,0.022000000000048203,0.014999999999986358
bcsstk05,Dense,mrg3,153,2423,0.08299999999996999,,0.04100000000005366,0.05600000000004002,,0.057999999999992724,,,,,,,,,0.02400000000000091,0.014999999999986358
bcspwr01,Mildly sparse,cu,39,131,0.07500000000004547,,,,,,,0.053999999999973625,0.16000000000008185,0.05599999999992633,,,,,0.01999999999998181,0.02400000000000091
bcspwr01,Mildly sparse,gust,39,131,0.07799999999997453,,0.021999999999934516,0.03700000000003456,0.023000000000024556,,,,,,0.04499999999995907,0.04100000000005366,0.057999999999992724,,0.019000000000005457,0.009999999999990905
bcspwr01,Mildly sparse,merge,39,131,0.07299999999997908,,0.022000000000048203,0.03700000000003456,0.024999999999977263,0.033999999999991815,0.02699999999992997,,,,,,0.038000000000010914,,0.018000000000029104,0.009999999999990905
bcspwr01,Mildly sparse,mrg2,39,131,0.07500000000004547,,0.021999999999934516,0.03499999999996817,,0.03200000000003911,0.024999999999977263,,,,,,0.03300000000001546,,0.019000000000005457,0.010999999999967258
bcspwr01,Mildly sparse,mrg3,39,131,0.07000000000005002,,0.025999999999953616,0.04899999999997817,,0.02500000000009095,,,,,,,,,0.017999999999915417,0.009999999999990905
can_96,Mildly sparse,cu,96,768,0.08100000000001728,,,,,,,0.06899999999995998,0.17200000000002547,0.07399999999995543,,,,,0.02400000000000091,0.024999999999977263
can_96,Mildly sparse,gust,96,768,0.08100000000001728,,0.024999999999977263,0.04600000000004911,0.02400000000000091,,,,,,0.12199999999995725,0.04499999999995907,0.059000000000082764,,0.02400000000000091,0.011999999999943611
can_96,Mildly sparse,merge,96,768,0.08100000000001728,,0.026000000000067303,0.03999999999996362,0.03300000000001546,0.05299999999999727,0.033999999999991815,,,,,,0.04399999999998272,,0.023000000000024556,0.013000000000033651
can_96,Mildly sparse,mrg2,96,768,0.07699999999999818,,0.02400000000000091,0.04099999999993997,,0.043000000000006366,0.02800000000002001,,,,,,0.03700000000003456,,0.020999999999958163,0.012000000000057298
can_96,Mildly sparse,mrg3,96,768,0.07300000000009277,,0.02699999999992997,0.055000000000063665,,0.03199999999992542,,,,,,,,,0.022000000000048203,0.011999999999943611
arc130,Mildly sparse,cu,130,1282,0.07600000000002183,,,,,,,0.057999999999992724,0.18000000000006366,0.05499999999994998,,,,,0.018000000000029104,0.033999999999991815
arc130,Mildly sparse,gust,130,1282,0.08000000000004093,,0.027000000000043656,0.03899999999998727,0.05499999999994998,,,,,,0.12800000000004275,0.04200000000003001,0.057999999999992724,,0.017999999999915417,0.027000000000043656
arc130,Mildly sparse,merge,130,1282,0.07900000000006457,,0.024999999999977263,0.03700000000003456,0.13900000000001,1.2419999999999618,0.02400000000000091,,,,,,0.04200000000003001,,0.016999999999939064,0.019000000000005457
arc130,Mildly sparse,mrg2,130,1282,0.07499999999993179,,0.024999999999977263,0.03700000000003456,,0.19900000000006912,0.02299999999991087,,,,,,0.033999999999991815,,0.01700000000005275,0.01999999999998181
arc130,Mildly sparse,mrg3,130,1282,0.07300000000009277,,0.05700000000001637,0.06399999999996453,,0.06700000000000728,,,,,,,,,0.020999999999958163,0.019000000000005457
ash85,Mildly sparse,cu,85,523,0.07600000000002183,,,,,,,0.05499999999994998,0.15800000000001546,0.05600000000004002,,,,,0.01999999999998181,0.02400000000000091
ash85,Mildly sparse,gust,85,523,0.07999999999992724,,0.022000000000048203,0.038000000000010914,0.02800000000002001,,,,,,0.11000000000001364,0.041999999999916326,0.05700000000001637,,0.02100000000007185,0.009999999999990905
ash85,Mildly sparse,merge,85,523,0.08000000000004093,,0.02299999999991087,0.03600000000005821,0.029999999999972715,0.053999999999973625,0.02500000000009095,,,,,,0.038000000000010914,,0.02400000000000091,0.009999999999990905
ash85,Mildly sparse,mrg2,85,523,0.07500000000004547,,0.020999999999958163,0.03499999999996817,,0.038000000000010914,0.02400000000000091,,,,,,0.03200000000003911,,0.018000000000029104,0.009999999999990905
ash85,Mildly sparse,mrg3,85,523,0.07099999999991269,,0.028999999999996362,0.04900000000009186,,0.03199999999992542,,,,,,,,,0.01700000000005275,0.009999999999990905
can_73,Mildly sparse,cu,73,377,0.07899999999995089,,,,,,,0.06499999999994088,0.15600000000006276,0.05999999999994543,,,,,0.023000000000024556,0.02800000000002001
can_73,Mildly sparse,gust,73,377,0.09000000000003183,,0.025999999999953616,0.04100000000005366,0.028999999999996362,,,,,,0.04899999999997817,0.04499999999995907,0.06000000000005912,,0.023000000000024556,0.009999999999990905
can_73,Mildly sparse,merge,73,377,0.08299999999996999,,0.02400000000000091,0.05499999999994998,0.03600000000005821,0.05700000000001637,0.028999999999996362,,,,,,0.05099999999993088,,0.01999999999998181,0.012000000000057298
can_73,Mildly sparse,mrg2,73,377,0.0809999999999036,,0.02400000000000091,0.03899999999998727,,0.05000000000006821,0.02699999999992997,,,,,,0.043000000000006366,,0.020000000000095497,0.011999999999943611
can_73,Mildly sparse,mrg3,73,377,0.07600000000002183,,0.033999999999991815,0.06499999999994088,,0.04499999999995907,,,,,,,,,0.027000000000043656,0.010999999999967258
bcspwr02,Mildly sparse,cu,49,167,0.07499999999993179,,,,,,,0.05700000000001637,0.16399999999998727,0.05600000000004002,,,,,0.01999999999998181,0.02400000000000091
bcspwr02,Mildly sparse,gust,49,167,0.08600000000001273,,0.023000000000024556,0.03899999999998727,0.02400000000000091,,,,,,0.05099999999993088,0.038000000000010914,0.05600000000004002,,0.01999999999998181,0.009999999999990905
bcspwr02,Mildly sparse,merge,49,167,0.07600000000002183,,0.021999999999934516,0.03600000000005821,0.025999999999953616,0.03600000000005821,0.023000000000024556,,,,,,0.03899999999998727,,0.017999999999915417,0.010000000000104592
bcspwr02,Mildly sparse,mrg2,49,167,0.07299999999997908,,0.023000000000024556,0.03499999999996817,,0.03300000000001546,0.02800000000002001,,,,,,0.033999999999991815,,0.02699999999992997,0.011000000000080945
bcspwr02,Mildly sparse,mrg3,49,167,0.07099999999991269,,0.026000000000067303,0.049999999999954525,,0.027000000000043656,,,,,,,,,0.016999999999939064,0.010000000000104592
can_144,Mildly sparse,cu,144,1296,0.08500000000003638,,,,,,,0.06000000000005912,0.16299999999989723,0.05600000000004002,,,,,0.01999999999998181,0.026000000000067303
can_144,Mildly sparse,gust,144,1296,0.08299999999996999,,0.022000000000048203,0.03899999999998727,0.03700000000003456,,,,,,0.11599999999998545,0.043000000000006366,0.053999999999973625,,0.02100000000007185,0.010999999999967258
can_144,Mildly sparse,merge,144,1296,0.08199999999999363,,0.023000000000024556,0.036999999999920874,0.038000000000010914,0.07900000000006457,0.02500000000009095,,,,,,0.04099999999993997,,0.017999999999915417,0.012000000000057298
can_144,Mildly sparse,mrg2,144,1296,0.07399999999995543,,0.022000000000048203,0.03499999999996817,,0.051000000000044565,0.02400000000000091,,,,,,0.03599999999994452,,0.01999999999998181,0.012000000000057298
can_144,Mildly sparse,mrg3,144,1296,0.07900000000006457,,0.03099999999994907,0.05000000000006821,,0.032999999999901775,,,,,,,,,0.020000000000095497,0.011999999999943611
can_62,Mildly sparse,cu,62,218,0.07799999999997453,,,,,,,0.05899999999996908,0.16700000000003,0.05899999999996908,,,,,0.02400000000000091,0.02500000000009095
can_62,Mildly sparse,gust,62,218,0.08199999999999363,,0.02400000000000091,0.04100000000005366,0.02400000000000091,,,,,,0.04800000000000182,0.04299999999989268,0.05700000000001637,,0.02100000000007185,0.010999999999967258
can_62,Mildly sparse,merge,62,218,0.07999999999992724,,0.02400000000000091,0.03899999999998727,0.026000000000067303,0.036999999999920874,0.033999999999991815,,,,,,0.04200000000003001,,0.02100000000007185,0.010999999999967258
can_62,Mildly sparse,mrg2,62,218,0.07699999999999818,,0.02400000000000091,0.03700000000003456,,0.03599999999994452,0.02400000000000091,,,,,,0.038000000000010914,,0.01999999999998181,0.011000000000080945
can_62,Mildly sparse,mrg3,62,218,0.07399999999995543,,0.027000000000043656,0.05199999999990723,,0.02900000000011005,,,,,,,,,0.01899999999989177,0.011000000000080945
can_161,Mildly sparse,cu,161,1377,0.07900000000006457,,,,,,,0.05899999999996908,0.15499999999997272,0.05700000000001637,,,,,0.023000000000024556,0.03099999999994907
can_161,Mildly sparse,gust,161,1377,0.09299999999996089,,0.025999999999953616,0.04000000000007731,0.029999999999972715,,,,,,0.11599999999998545,0.04499999999995907,0.05700000000001637,,0.023000000000024556,0.012000000000057298
can_161,Mildly sparse,merge,161,1377,0.08399999999994634,,0.02400000000000091,0.03599999999994452,0.039000000000100954,0.09100000000000819,0.024999999999977263,,,,,,0.041999999999916326,,0.020000000000095497,0.011999999999943611
can_161,Mildly sparse,mrg2,161,1377,0.08999999999991815,,0.02500000000009095,0.03499999999996817,,0.047000000000025466,0.02800000000002001,,,,,,0.033999999999991815,,0.01999999999998181,0.012999999999919964
can_161,Mildly sparse,mrg3,161,1377,0.07899999999995089,,0.03700000000003456,0.04899999999997817,,0.04399999999998272,,,,,,,,,0.02100000000007185,0.014000000000010004
bcsstk03,Mildly sparse,cu,112,640,0.08400000000006003,,,,,,,0.05899999999996908,0.16599999999993997,0.06000000000005912,,,,,0.02400000000000091,0.028999999999996362
bcsstk03,Mildly sparse,gust,112,640,0.08600000000001273,,0.023000000000024556,0.04099999999993997,0.026000000000067303,,,,,,0.1129999999999427,0.04399999999998272,0.06200000000001182,,0.022000000000048203,0.010999999999967258
bcsstk03,Mildly sparse,merge,112,640,0.08199999999999363,,0.02400000000000091,0.038000000000010914,0.024999999999977263,0.03300000000001546,0.032999999999901775,,,,,,0.051000000000044565,,0.019000000000005457,0.012000000000057298
bcsstk03,Mildly sparse,mrg2,112,640,0.08100000000001728,,0.02400000000000091,0.03700000000003456,,0.038000000000010914,0.025999999999953616,,,,,,0.03499999999996817,,0.018000000000029104,0.011999999999943611
bcsstk03,Mildly sparse,mrg3,112,640,0.07600000000002183,,0.028999999999996362,0.051000000000044565,,0.03099999999994907,,,,,,,,,0.019000000000005457,0.011999999999943611
bcsstk06,Mildly sparse,cu,420,7860,0.08199999999999363,,,,,,,0.05600000000004002,0.25099999999997635,0.06100000000003547,,,,,0.02400000000000091,0.1169999999999618
bcsstk06,Mildly sparse,gust,420,7860,0.08299999999996999,,0.02400000000000091,0.03899999999998727,0.0340000000001055,,,,,,0.2619999999999436,0.11099999999999,0.06500000000005457,,0.020999999999958163,0.03200000000003911
bcsstk06,Mildly sparse,merge,420,7860,0.09100000000000819,,0.027000000000043656,0.03899999999998727,0.08600000000001273,0.33600000000001273,0.027000000000043656,,,,,,0.04299999999989268,,0.018000000000029104,0.024999999999977263
bcsstk06,Mildly sparse,mrg2,420,7860,0.07600000000002183,,0.02400000000000091,0.03700000000003456,,0.08699999999998909,0.025999999999953616,,,,,,0.03700000000003456,,0.02100000000007185,0.02400000000000091
bcsstk06,Mildly sparse,mrg3,420,7860,0.07799999999997453,,0.04899999999997817,0.051000000000044565,,0.06399999999996453,,,,,,,,,0.020999999999958163,0.02400000000000091
bcsstk07,Mildly sparse,cu,420,7860,0.09000000000003183,,,,,,,0.05899999999996908,0.2520000000000664,0.06399999999996453,,,,,0.02400000000000091,0.1269999999999527
bcsstk07,Mildly sparse,gust,420,7860,0.09299999999996089,,0.028999999999996362,0.04000000000007731,0.033999999999991815,,,,,,0.2819999999999254,0.11400000000003274,0.06600000000003092,,0.024999999999977263,0.03200000000003911
bcsstk07,Mildly sparse,merge,420,7860,0.07999999999992724,,0.026000000000067303,0.04800000000000182,0.08899999999994179,0.3430000000000746,0.02800000000002001,,,,,,0.04699999999991178,,0.01999999999998181,0.027000000000043656
bcsstk07,Mildly sparse,mrg2,420,7860,0.07899999999995089,,0.026000000000067303,0.036999999999920874,,0.08199999999999363,0.024999999999977263,,,,,,0.04500000000007276,,0.020999999999958163,0.026000000000067303
bcsstk07,Mildly sparse,mrg3,420,7860,0.08000000000004093,,0.05199999999990723,0.05600000000004002,,0.06600000000003092,,,,,,,,,0.02400000000000091,0.024999999999977263
can_256,Mildly sparse,cu,256,2916,0.09000000000003183,,,,,,,0.06599999999991724,0.19299999999998363,0.057999999999992724,,,,,0.02100000000007185,0.03599999999994452
can_256,Mildly sparse,gust,256,2916,0.10300000000006548,,0.028999999999996362,0.03999999999996362,0.038000000000010914,,,,,,0.13400000000001455,0.04399999999998272,0.06100000000003547,,0.020999999999958163,0.029999999999972715
can_256,Mildly sparse,merge,256,2916,0.08999999999991815,,0.02800000000002001,0.04000000000007731,0.12599999999997635,1.5910000000000082,0.024999999999977263,,,,,,0.04099999999993997,,0.018000000000029104,0.022000000000048203
can_256,Mildly sparse,mrg2,256,2916,0.08600000000001273,,0.02699999999992997,0.038000000000010914,,0.23500000000001364,0.023000000000024556,,,,,,0.038000000000010914,,0.020999999999958163,0.023000000000024556
can_256,Mildly sparse,mrg3,256,2916,0.08699999999998909,,0.07000000000005002,0.05299999999999727,,0.09199999999998454,,,,,,,,,0.01999999999998181,0.02100000000007185
can_268,Mildly sparse,cu,268,3082,0.08199999999999363,,,,,,,0.06299999999998818,0.18299999999999272,0.06100000000003547,,,,,0.023000000000024556,0.03999999999996362
can_268,Mildly sparse,gust,268,3082,0.08599999999989905,,0.02800000000002001,0.04800000000000182,0.035000000000081855,,,,,,0.1309999999999718,0.045999999999935426,0.06100000000003547,,0.02400000000000091,0.028999999999996362
can_268,Mildly sparse,merge,268,3082,0.08000000000004093,,0.02699999999992997,0.038000000000010914,0.08300000000008367,0.47299999999995634,0.030000000000086402,,,,,,0.04099999999993997,,0.020999999999958163,0.020999999999958163
can_268,Mildly sparse,mrg2,268,3082,0.07400000000006912,,0.024999999999977263,0.03700000000003456,,0.1289999999999054,0.02800000000002001,,,,,,0.03700000000003456,,0.021999999999934516,0.022000000000048203
can_268,Mildly sparse,mrg3,268,3082,0.07100000000002638,,0.053999999999973625,0.06299999999998818,,0.06399999999996453,,,,,,,,,0.030000000000086402,0.01999999999998181
can_187,Mildly sparse,cu,187,1491,0.08399999999994634,,,,,,,0.06000000000005912,0.16099999999994452,0.06100000000003547,,,,,0.03899999999998727,0.029999999999972715
can_187,Mildly sparse,gust,187,1491,0.08500000000003638,,0.025999999999953616,0.038000000000010914,0.02500000000009095,,,,,,0.12199999999995725,0.04499999999995907,0.06299999999998818,,0.023000000000024556,0.012000000000057298
can_187,Mildly sparse,merge,187,1491,0.08300000000008367,,0.024999999999977263,0.038000000000010914,0.03499999999996817,0.05200000000002092,0.036999999999920874,,,,,,0.04200000000003001,,0.019000000000005457,0.013000000000033651
can_187,Mildly sparse,mrg2,187,1491,0.07899999999995089,,0.02400000000000091,0.03700000000003456,,0.04699999999991178,0.026000000000067303,,,,,,0.038000000000010914,,0.02400000000000091,0.014000000000010004
can_187,Mildly sparse,mrg3,187,1491,0.07500000000004547,,0.029999999999972715,0.051000000000044565,,0.03199999999992542,,,,,,,,,0.018000000000029104,0.014000000000010004
bcsstm07,Mildly sparse,cu,420,7252,0.08199999999999363,,,,,,,0.057999999999992724,0.24699999999995725,0.06100000000003547,,,,,0.02400000000000091,0.125
bcsstm07,Mildly sparse,gust,420,7252,0.08499999999992269,,0.02400000000000091,0.04100000000005366,0.03199999999992542,,,,,,0.25700000000006185,0.1129999999999427,0.07000000000005002,,0.02400000000000091,0.03099999999994907
bcsstm07,Mildly sparse,merge,420,7252,0.0809999999999036,,0.027000000000043656,0.03899999999998727,0.08299999999996999,0.32000000000005,0.09600000000000364,,,,,,0.04499999999995907,,0.026000000000067303,0.025999999999953616
bcsstm07,Mildly sparse,mrg2,420,7252,0.07499999999993179,,0.023000000000024556,0.03700000000003456,,0.08600000000001273,0.023000000000024556,,,,,,0.03899999999998727,,0.021999999999934516,0.024999999999977263
bcsstm07,Mildly sparse,mrg3,420,7252,0.07699999999999818,,0.049999999999954525,0.05200000000002092,,0.06499999999994088,,,,,,,,,0.022000000000048203,0.02400000000000091
bcsstk27,Mildly sparse,cu,1224,56126,0.11399999999991905,,,,,,,0.059000000000082764,0.48099999999999454,0.1269999999999527,,,,,0.023000000000024556,0.22199999999998
bcsstk27,Mildly sparse,gust,1224,56126,0.11599999999998545,,0.04100000000005366,0.041999999999916326,0.17000000000007276,,,,,,0.5589999999999691,0.18600000000003547,0.35799999999994725,,0.09299999999996089,0.12100000000009459
bcsstk27,Mildly sparse,merge,1224,56126,0.1150000000000091,,0.027000000000043656,0.038000000000010914,0.4119999999999209,1.15300000000002,0.1550000000000864,,,,,,0.17999999999994998,,0.08199999999999363,0.1129999999999427
bcsstk27,Mildly sparse,mrg2,1224,56126,0.11300000000005639,,0.02699999999992997,0.038000000000010914,,0.2900000000000773,0.15999999999996817,,,,,,0.04099999999993997,,0.07800000000008822,0.12199999999995725
bcsstk27,Mildly sparse,mrg3,1224,56126,0.11099999999999,,0.12400000000002365,0.05599999999992633,,0.18600000000003547,,,,,,,,,0.07799999999997453,0.11199999999996635
bcsstm27,Mildly sparse,cu,1224,56126,0.11800000000005184,,,,,,,0.06999999999993634,0.50100000000009,0.12799999999992906,,,,,0.023000000000024556,0.21900000000005093
bcsstm27,Mildly sparse,gust,1224,56126,0.11200000000008004,,0.02699999999992997,0.04399999999998272,0.16800000000000637,,,,,,0.58400000000006,0.19099999999991724,0.40800000000001546,,0.09100000000000819,0.10099999999999909
bcsstm27,Mildly sparse,merge,1224,56126,0.11099999999999,,0.02800000000002001,0.04299999999989268,0.40600000000006276,1.1730000000000018,0.18299999999999272,,,,,,0.21600000000000819,,0.09699999999997999,0.10199999999997544
bcsstm27,Mildly sparse,mrg2,1224,56126,0.10399999999992815,,0.027000000000043656,0.04099999999993997,,0.2939999999999827,0.18000000000006366,,,,,,0.043000000000006366,,0.08100000000001728,0.0989999999999327
bcsstm27,Mildly sparse,mrg3,1224,56126,0.10399999999992815,,0.1230000000000473,0.08199999999999363,,0.18999999999994088,,,,,,,,,0.09000000000003183,0.10000000000002274
bcsstk22,Mildly sparse,cu,138,696,0.08000000000004093,,,,,,,0.06399999999996453,0.16800000000000637,0.06100000000003547,,,,,0.020999999999958163,0.02800000000002001
bcsstk22,Mildly sparse,gust,138,696,0.08500000000003638,,0.02299999999991087,0.04200000000003001,0.02400000000000091,,,,,,0.11300000000005639,0.04499999999995907,0.05700000000001637,,0.022000000000048203,0.011999999999943611
bcsstk22,Mildly sparse,merge,138,696,0.08000000000004093,,0.02299999999991087,0.039000000000100954,0.028999999999996362,0.04399999999998272,0.027000000000043656,,,,,,0.041999999999916326,,0.019000000000005457,0.011999999999943611
bcsstk22,Mildly sparse,mrg2,138,696,0.07999999999992724,,0.023000000000024556,0.03899999999998727,,0.03899999999998727,0.026000000000067303,,,,,,0.038000000000010914,,0.019000000000005457,0.010999999999967258
bcsstk22,Mildly sparse,mrg3,138,696,0.07499999999993179,,0.029999999999972715,0.05200000000002092,,0.03300000000001546,,,,,,,,,0.01999999999998181,0.012000000000057298
bcspwr03,Mildly sparse,cu,118,476,0.07500000000004547,,,,,,,0.053999999999973625,0.15699999999992542,0.05600000000004002,,,,,0.022000000000048203,0.024999999999977263
bcspwr03,Mildly sparse,gust,118,476,0.07799999999997453,,0.022000000000048203,0.03899999999998727,0.024999999999977263,,,,,,0.04800000000000182,0.04100000000005366,0.05899999999996908,,0.02100000000007185,0.009999999999990905
bcspwr03,Mildly sparse,merge,118,476,0.07299999999997908,,0.020999999999958163,0.038000000000010914,0.02800000000002001,0.05700000000001637,0.03499999999996817,,,,,,0.038000000000010914,,0.01999999999998181,0.009999999999990905
bcspwr03,Mildly sparse,mrg2,118,476,0.07299999999997908,,0.02100000000007185,0.03499999999996817,,0.04499999999995907,0.02800000000002001,,,,,,0.033999999999991815,,0.019000000000005457,0.009999999999990905
bcspwr03,Mildly sparse,mrg3,118,476,0.07100000000002638,,0.028999999999996362,0.05099999999993088,,0.03600000000005821,,,,,,,,,0.01999999999998181,0.009999999999990905
can_229,Mildly sparse,cu,229,1777,0.08800000000007913,,,,,,,0.07999999999992724,0.18700000000001182,0.06900000000007367,,,,,0.02699999999992997,0.029999999999972715
can_229,Mildly sparse,gust,229,1777,0.08799999999996544,,0.026000000000067303,0.04699999999991178,0.027000000000043656,,,,,,0.1309999999999718,0.04899999999997817,0.07500000000004547,,0.024999999999977263,0.014999999999986358
can_229,Mildly sparse,merge,229,1777,0.08900000000005548,,0.02400000000000091,0.04499999999995907,0.03700000000003456,0.10400000000004184,0.02800000000002001,,,,,,0.045999999999935426,,0.027000000000043656,0.014999999999986358
can_229,Mildly sparse,mrg2,229,1777,0.08600000000001273,,0.02400000000000091,0.043000000000006366,,0.05499999999994998,0.027999999999906322,,,,,,0.05000000000006821,,0.026000000000067303,0.014999999999986358
can_229,Mildly sparse,mrg3,229,1777,0.08499999999992269,,0.04500000000007276,0.06099999999992178,,0.05299999999999727,,,,,,,,,0.02400000000000091,0.016000000000076398
can_292,Mildly sparse,cu,292,2540,0.10400000000004184,,,,,,,0.06899999999995998,0.18399999999996908,0.06100000000003547,,,,,0.021999999999934516,0.0340000000001055
can_292,Mildly sparse,gust,292,2540,0.09000000000003183,,0.025999999999953616,0.04099999999993997,0.031000000000062755,,,,,,0.1290000000000191,0.043000000000006366,0.06399999999996453,,0.022000000000048203,0.02400000000000091
can_292,Mildly sparse,merge,292,2540,0.08799999999996544,,0.02800000000002001,0.038000000000010914,0.06700000000000728,0.3079999999999927,0.028999999999996362,,,,,,0.043000000000006366,,0.01999999999998181,0.019000000000005457
can_292,Mildly sparse,mrg2,292,2540,0.08100000000001728,,0.024999999999977263,0.03700000000003456,,0.09299999999996089,0.02400000000000091,,,,,,0.03899999999998727,,0.019000000000005457,0.018000000000029104
can_292,Mildly sparse,mrg3,292,2540,0.08399999999994634,,0.04100000000005366,0.057999999999992724,,0.04899999999997817,,,,,,,,,0.021999999999934516,0.01700000000005275
ash292,Mildly sparse,cu,292,2208,0.08299999999996999,,,,,,,0.05700000000001637,0.16499999999996362,0.05600000000004002,,,,,0.020999999999958163,0.02800000000002001
ash292,Mildly sparse,gust,292,2208,0.08299999999996999,,0.023000000000024556,0.03899999999998727,0.026000000000067303,,,,,,0.1129999999999427,0.04399999999998272,0.05700000000001637,,0.020999999999958163,0.013000000000033651
ash292,Mildly sparse,merge,292,2208,0.08400000000006003,,0.023000000000024556,0.03599999999994452,0.03499999999996817,0.07699999999999818,0.029999999999972715,,,,,,0.039000000000100954,,0.018000000000029104,0.013999999999896318
ash292,Mildly sparse,mrg2,292,2208,0.07799999999997453,,0.021999999999934516,0.03700000000003456,,0.04399999999998272,0.02400000000000091,,,,,,0.033999999999991815,,0.019000000000005457,0.014000000000010004
ash292,Mildly sparse,mrg3,292,2208,0.07799999999997453,,0.03499999999996817,0.05200000000002092,,0.03899999999998727,,,,,,,,,0.02500000000009095,0.012999999999919964
bcspwr04,Mildly sparse,cu,274,1612,0.08600000000001273,,,,,,,0.06500000000005457,0.16799999999989268,0.059000000000082764,,,,,0.023000000000024556,0.033999999999991815
bcspwr04,Mildly sparse,gust,274,1612,0.08399999999994634,,0.027000000000043656,0.041999999999916326,0.02800000000002001,,,,,,0.1150000000000091,0.04600000000004911,0.06099999999992178,,0.022000000000048203,0.013000000000033651
bcspwr04,Mildly sparse,merge,274,1612,0.08400000000006003,,0.025999999999953616,0.038000000000010914,0.043000000000006366,0.10599999999999454,0.03600000000005821,,,,,,0.043000000000006366,,0.02299999999991087,0.015000000000100044
bcspwr04,Mildly sparse,mrg2,274,1612,0.07799999999997453,,0.024999999999977263,0.038000000000010914,,0.057999999999992724,0.026000000000067303,,,,,,0.03899999999998727,,0.021999999999934516,0.014000000000010004
bcspwr04,Mildly sparse,mrg3,274,1612,0.07799999999997453,,0.033999999999991815,0.05200000000002092,,0.03599999999994452,,,,,,,,,0.01999999999998181,0.014000000000010004
bcsstk13,Mildly sparse,cu,2003,83883,0.12400000000002365,,,,,,,0.07799999999997453,0.6070000000000846,0.2059999999999036,,,,,0.09900000000004638,0.5339999999999918
bcsstk13,Mildly sparse,gust,2003,83883,0.13199999999994816,,0.03300000000001546,0.05000000000006821,0.19799999999997908,,,,,,0.8059999999999263,0.21600000000000819,0.5710000000000264,,0.11700000000007549,0.26499999999998636
bcsstk13,Mildly sparse,merge,2003,83883,0.1190000000000282,,0.029999999999972715,0.04900000000009186,0.8029999999999973,4.525999999999954,0.30600000000004,,,,,,0.22199999999998,,0.10199999999997544,0.26300000000003365
bcsstk13,Mildly sparse,mrg2,2003,83883,0.1230000000000473,,0.029999999999972715,0.049999999999954525,,0.6720000000000255,0.2939999999999827,,,,,,0.047000000000025466,,0.09699999999997999,0.26400000000001
bcsstk13,Mildly sparse,mrg3,2003,83883,0.11999999999989086,,0.3120000000000118,0.06600000000003092,,0.5900000000000318,,,,,,,,,0.09299999999996089,0.2620000000000573
bcsstm01,Mildly sparse,cu,48,48,0.07600000000002183,,,,,,,0.057999999999992724,0.15699999999992542,0.055000000000063665,,,,,0.01999999999998181,0.02400000000000091
bcsstm01,Mildly sparse,gust,48,48,0.07699999999999818,,0.022000000000048203,0.03999999999996362,0.025999999999953616,,,,,,0.047000000000025466,0.05299999999999727,0.05600000000004002,,0.01999999999998181,0.010999999999967258
bcsstm01,Mildly sparse,merge,48,48,0.07699999999999818,,0.023000000000024556,0.038000000000010914,0.02699999999992997,0.020000000000095497,0.02400000000000091,,,,,,0.03999999999996362,,0.019000000000005457,0.010999999999967258
bcsstm01,Mildly sparse,mrg2,48,48,0.07200000000000273,,0.02100000000007185,0.03899999999998727,,0.023000000000024556,0.02400000000000091,,,,,,0.03499999999996817,,0.020999999999958163,0.011000000000080945
bcsstm01,Mildly sparse,mrg3,48,48,0.08299999999996999,,0.02500000000009095,0.05199999999990723,,0.02400000000000091,,,,,,,,,0.019000000000005457,0.009999999999990905
bcsstk14,Mildly sparse,cu,1806,63454,0.12600000000009004,,,,,,,0.06499999999994088,0.5109999999999673,0.12999999999999545,,,,,0.07900000000006457,0.31799999999998363
bcsstk14,Mildly sparse,gust,1806,63454,0.10799999999994725,,0.025999999999953616,0.04000000000007731,0.17099999999993543,,,,,,0.5400000000000773,0.1959999999999127,0.3990000000000009,,0.028999999999996362,0.14000000000010004
bcsstk14,Mildly sparse,merge,1806,63454,0.11200000000008004,,0.03300000000001546,0.03799999999989723,0.3300000000000409,1.0190000000000055,0.23899999999991905,,,,,,0.17600000000004457,,0.08400000000006003,0.14699999999993452
bcsstk14,Mildly sparse,mrg2,1806,63454,0.10500000000001819,,0.029999999999972715,0.03999999999996362,,0.29500000000007276,0.21699999999998454,,,,,,0.04399999999998272,,0.08100000000001728,0.14199999999993906
bcsstk14,Mildly sparse,mrg3,1806,63454,0.10500000000001819,,0.1290000000000191,0.06200000000001182,,0.24500000000000455,,,,,,,,,0.07600000000002183,0.1409999999999627
can_445,Mildly sparse,cu,445,3809,0.08299999999996999,,,,,,,0.07900000000006457,0.17599999999993088,0.06000000000005912,,,,,0.02299999999991087,0.03600000000005821
can_445,Mildly sparse,gust,445,3809,0.08299999999996999,,0.02400000000000091,0.04100000000005366,0.02800000000002001,,,,,,0.1309999999999718,0.04499999999995907,0.06100000000003547,,0.021999999999934516,0.03600000000005821
can_445,Mildly sparse,merge,445,3809,0.07900000000006457,,0.024999999999977263,0.03999999999996362,0.04800000000000182,0.10199999999997544,0.023000000000024556,,,,,,0.04100000000005366,,0.016999999999939064,0.01700000000005275
can_445,Mildly sparse,mrg2,445,3809,0.07399999999995543,,0.023000000000024556,0.03599999999994452,,0.07100000000002638,0.022000000000048203,,,,,,0.038000000000010914,,0.020999999999958163,0.018000000000029104
can_445,Mildly sparse,mrg3,445,3809,0.07699999999999818,,0.03300000000001546,0.05099999999993088,,0.039000000000100954,,,,,,,,,0.019000000000005457,0.02299999999991087
bcsstm10,Mildly sparse,cu,1086,22092,0.09100000000000819,,,,,,,0.07200000000000273,0.2939999999999827,0.07200000000000273,,,,,0.023000000000024556,0.14199999999993906
bcsstm10,Mildly sparse,gust,1086,22092,0.08999999999991815,,0.02900000000011005,0.049999999999954525,0.15800000000001546,,,,,,0.2959999999999354,0.16700000000003,0.25499999999999545,,0.038000000000010914,0.04600000000004911
bcsstm10,Mildly sparse,merge,1086,22092,0.08900000000005548,,0.03599999999994452,0.04600000000004911,0.23099999999999454,0.39200000000005275,0.14200000000005275,,,,,,0.1229999999999336,,0.029999999999972715,0.04600000000004911
bcsstm10,Mildly sparse,mrg2,1086,22092,0.08800000000007913,,0.024999999999977263,0.045999999999935426,,0.20199999999999818,0.09199999999998454,,,,,,0.04200000000003001,,0.031000000000062755,0.045999999999935426
bcsstm10,Mildly sparse,mrg3,1086,22092,0.08300000000008367,,0.057999999999992724,0.06299999999998818,,0.07999999999992724,,,,,,,,,0.027000000000043656,0.047000000000025466
bcsstk10,Mildly sparse,cu,1086,22070,0.08999999999991815,,,,,,,0.06600000000003092,0.28499999999996817,0.06700000000000728,,,,,0.023000000000024556,0.15999999999996817
bcsstk10,Mildly sparse,gust,1086,22070,0.09000000000003183,,0.024999999999977263,0.04200000000003001,0.14999999999997726,,,,,,0.28899999999998727,0.16600000000005366,0.30499999999995,,0.03899999999998727,0.044000000000096406
bcsstk10,Mildly sparse,merge,1086,22070,0.09300000000007458,,0.02699999999992997,0.04200000000003001,0.20600000000001728,0.40199999999992997,0.1650000000000773,,,,,,0.1290000000000191,,0.025999999999953616,0.04499999999995907
bcsstk10,Mildly sparse,mrg2,1086,22070,0.08699999999998909,,0.023000000000024556,0.05000000000006821,,0.19700000000000273,0.10400000000004184,,,,,,0.04299999999989268,,0.026000000000067303,0.04499999999995907
bcsstk10,Mildly sparse,mrg3,1086,22070,0.08499999999992269,,0.057999999999992724,0.055000000000063665,,0.07799999999997453,,,,,,,,,0.028999999999996362,0.04499999999995907
can_634,Mildly sparse,cu,634,7228,0.08399999999994634,,,,,,,0.06399999999996453,0.2480000000000473,0.06600000000003092,,,,,0.024999999999977263,0.1169999999999618
can_634,Mildly sparse,gust,634,7228,0.08199999999999363,,0.024999999999977263,0.04099999999993997,0.03300000000001546,,,,,,0.26700000000005275,0.11599999999998545,0.1209999999999809,,0.027000000000043656,0.03499999999996817
can_634,Mildly sparse,merge,634,7228,0.08299999999996999,,0.02800000000002001,0.04399999999998272,0.06299999999998818,0.2559999999999718,0.02400000000000091,,,,,,0.04100000000005366,,0.019000000000005457,0.02800000000002001
can_634,Mildly sparse,mrg2,634,7228,0.08100000000001728,,0.024999999999977263,0.03700000000003456,,0.08299999999996999,0.02800000000002001,,,,,,0.03700000000003456,,0.020999999999958163,0.029999999999972715
can_634,Mildly sparse,mrg3,634,7228,0.07400000000006912,,0.049999999999954525,0.053999999999973625,,0.06200000000001182,,,,,,,,,0.022000000000048203,0.027999999999906322
bcsstk11,Mildly sparse,cu,1473,34241,0.12400000000002365,,,,,,,0.07899999999995089,0.3490000000000464,0.08499999999992269,,,,,0.15899999999999181,0.20199999999999818
bcsstk11,Mildly sparse,gust,1473,34241,0.1169999999999618,,0.033999999999991815,0.053999999999973625,0.18600000000003547,,,,,,0.4189999999999827,0.25499999999999545,0.4089999999999918,,0.047000000000025466,0.07500000000004547
bcsstk11,Mildly sparse,merge,1473,34241,0.12400000000002365,,0.03499999999996817,0.05499999999994998,0.24099999999998545,0.4530000000000882,0.18100000000004002,,,,,,0.22199999999998,,0.036999999999920874,0.07400000000006912
bcsstk11,Mildly sparse,mrg2,1473,34241,0.12400000000002365,,0.036999999999920874,0.05600000000004002,,0.23599999999999,0.18600000000003547,,,,,,0.05200000000002092,,0.03199999999992542,0.07200000000000273
bcsstk11,Mildly sparse,mrg3,1473,34241,0.11000000000001364,,0.07499999999993179,0.07500000000004547,,0.09000000000003183,,,,,,,,,0.029999999999972715,0.07200000000000273
bcsstk12,Mildly sparse,cu,1473,34241,0.11600000000009913,,,,,,,0.06299999999998818,0.3129999999999882,0.06299999999998818,,,,,0.10099999999999909,0.17300000000000182
bcsstk12,Mildly sparse,gust,1473,34241,0.14400000000000546,,0.03200000000003911,0.04499999999995907,0.1650000000000773,,,,,,0.33799999999996544,0.18799999999998818,0.3290000000000646,,0.03499999999996817,0.06899999999995998
bcsstk12,Mildly sparse,merge,1473,34241,0.10099999999999909,,0.028999999999996362,0.03899999999998727,0.2279999999999518,0.44000000000005457,0.1410000000000764,,,,,,0.17099999999993543,,0.025999999999953616,0.07000000000005002
bcsstk12,Mildly sparse,mrg2,1473,34241,0.09300000000007458,,0.038000000000010914,0.03899999999998727,,0.21499999999991815,0.14400000000000546,,,,,,0.03899999999998727,,0.02500000000009095,0.06899999999995998
bcsstk12,Mildly sparse,mrg3,1473,34241,0.09100000000000819,,0.06500000000005457,0.05199999999990723,,0.08500000000003638,,,,,,,,,0.022000000000048203,0.06999999999993634
bcsstk09,Mildly sparse,cu,1083,18437,0.10500000000001819,,,,,,,0.07500000000004547,0.27099999999995816,0.07699999999999818,,,,,0.028999999999996362,0.16399999999998727
bcsstk09,Mildly sparse,gust,1083,18437,0.09200000000009823,,0.028999999999996362,0.04699999999991178,0.11700000000007549,,,,,,0.29899999999997817,0.17399999999997817,0.22400000000004638,,0.04499999999995907,0.06100000000003547
bcsstk09,Mildly sparse,merge,1083,18437,0.09600000000000364,,0.028999999999996362,0.04399999999998272,0.13400000000001455,0.34400000000005093,0.17799999999999727,,,,,,0.13999999999998636,,0.03999999999996362,0.05700000000001637
bcsstk09,Mildly sparse,mrg2,1083,18437,0.09399999999993724,,0.02800000000002001,0.04800000000000182,,0.14999999999997726,0.1089999999999236,,,,,,0.04600000000004911,,0.03200000000003911,0.05600000000004002
bcsstk09,Mildly sparse,mrg3,1083,18437,0.08500000000003638,,0.06600000000003092,0.06700000000000728,,0.08199999999999363,,,,,,,,,0.025999999999953616,0.05700000000001637
bcsstm02,Mildly sparse,cu,66,66,0.07499999999993179,,,,,,,0.06100000000003547,0.14599999999995816,0.055000000000063665,,,,,0.02299999999991087,0.028999999999996362
bcsstm02,Mildly sparse,gust,66,66,0.07600000000002183,,0.024999999999977263,0.03999999999996362,0.023000000000024556,,,,,,0.04800000000000182,0.051000000000044565,0.05299999999999727,,0.021999999999934516,0.009999999999990905
bcsstm02,Mildly sparse,merge,66,66,0.07600000000002183,,0.02400000000000091,0.038000000000010914,0.021999999999934516,0.023000000000024556,0.02800000000002001,,,,,,0.03599999999994452,,0.019000000000005457,0.010999999999967258
bcsstm02,Mildly sparse,mrg2,66,66,0.06900000000007367,,0.021999999999934516,0.035000000000081855,,0.024999999999977263,0.027000000000043656,,,,,,0.03099999999994907,,0.018000000000029104,0.010999999999967258
bcsstm02,Mildly sparse,mrg3,66,66,0.06600000000003092,,0.024999999999977263,0.04899999999997817,,0.02400000000000091,,,,,,,,,0.018000000000029104,0.010999999999967258
can_838,Mildly sparse,cu,838,10010,0.08600000000001273,,,,,,,0.06700000000000728,0.24900000000002365,0.06299999999998818,,,,,0.023000000000024556,0.13799999999991996
can_838,Mildly sparse,gust,838,10010,0.09000000000003183,,0.02699999999992997,0.044000000000096406,0.033999999999991815,,,,,,0.26499999999998636,0.11099999999999,0.06899999999995998,,0.023000000000024556,0.05600000000004002
can_838,Mildly sparse,merge,838,10010,0.07999999999992724,,0.02800000000002001,0.05200000000002092,0.08100000000001728,0.5519999999999072,0.02800000000002001,,,,,,0.04600000000004911,,0.023000000000024556,0.04800000000000182
can_838,Mildly sparse,mrg2,838,10010,0.08500000000003638,,0.02800000000002001,0.04099999999993997,,0.12100000000009459,0.02800000000002001,,,,,,0.036999999999920874,,0.022000000000048203,0.04800000000000182
can_838,Mildly sparse,mrg3,838,10010,0.07899999999995089,,0.04600000000004911,0.05499999999994998,,0.05700000000001637,,,,,,,,,0.020999999999958163,0.04800000000000182
bcsstk20,Mildly sparse,cu,485,3135,0.08699999999998909,,,,,,,0.07600000000002183,0.17999999999994998,0.08000000000004093,,,,,0.02800000000002001,0.03099999999994907
bcsstk20,Mildly sparse,gust,485,3135,0.08499999999992269,,0.026000000000067303,0.045999999999935426,0.027000000000043656,,,,,,0.1330000000000382,0.04699999999991178,0.06400000000007822,,0.02400000000000091,0.01599999999996271
bcsstk20,Mildly sparse,merge,485,3135,0.08199999999999363,,0.02400000000000091,0.043000000000006366,0.03600000000005821,0.053999999999973625,0.028999999999996362,,,,,,0.049999999999954525,,0.022000000000048203,0.01599999999996271
bcsstk20,Mildly sparse,mrg2,485,3135,0.07899999999995089,,0.02800000000002001,0.043000000000006366,,0.038000000000010914,0.024999999999977263,,,,,,0.04499999999995907,,0.022000000000048203,0.014999999999986358
bcsstk20,Mildly sparse,mrg3,485,3135,0.07599999999990814,,0.03600000000005821,0.05899999999996908,,0.03700000000003456,,,,,,,,,0.023000000000024556,0.01599999999996271
can_715,Mildly sparse,cu,715,6665,0.08100000000001728,,,,,,,0.06299999999998818,0.2620000000000573,0.06600000000003092,,,,,0.021999999999934516,0.13800000000003365
can_715,Mildly sparse,gust,715,6665,0.08199999999999363,,0.028999999999996362,0.04100000000005366,0.03599999999994452,,,,,,0.27300000000002456,0.1209999999999809,0.1449999999999818,,0.02500000000009095,0.04399999999998272
can_715,Mildly sparse,merge,715,6665,0.08100000000001728,,0.02800000000002001,0.04099999999993997,0.13600000000008095,1.49899999999991,0.03300000000001546,,,,,,0.043000000000006366,,0.01999999999998181,0.03600000000005821
can_715,Mildly sparse,mrg2,715,6665,0.08000000000004093,,0.02699999999992997,0.03899999999998727,,0.2800000000000864,0.02400000000000091,,,,,,0.038000000000010914,,0.01999999999998181,0.03499999999996817
can_715,Mildly sparse,mrg3,715,6665,0.0809999999999036,,0.15200000000004366,0.05499999999994998,,0.18800000000010186,,,,,,,,,0.024999999999977263,0.03499999999996817
bcsstk24,Mildly sparse,cu,3562,159910,0.16999999999995907,,,,,,,0.12599999999997635,0.8280000000000882,0.18499999999994543,,,,,0.09000000000003183,0.66599999999994
bcsstk24,Mildly sparse,gust,3562,159910,0.17200000000002547,,0.029999999999972715,0.04499999999995907,0.21500000000003183,,,,,,1.2229999999999563,0.27700000000004366,0.6009999999999991,,0.09699999999997999,0.2960000000000491
bcsstk24,Mildly sparse,merge,3562,159910,0.17300000000000182,,0.03200000000003911,0.04600000000004911,0.5569999999999027,2.0020000000000664,0.3549999999999045,,,,,,0.29200000000003,,0.09800000000007003,0.2959999999999354
bcsstk24,Mildly sparse,mrg2,3562,159910,0.17099999999993543,,0.03300000000001546,0.04499999999995907,,0.37800000000004275,0.30599999999992633,,,,,,0.04200000000003001,,0.10600000000010823,0.2959999999999354
bcsstk24,Mildly sparse,mrg3,3562,159910,0.16499999999996362,,0.21400000000005548,0.06200000000001182,,0.43699999999989814,,,,,,,,,0.08500000000003638,0.29300000000000637
bcsstk16,Mildly sparse,cu,4884,290378,0.23900000000003274,,,,,,,0.17899999999997362,1.2549999999999955,0.19000000000005457,,,,,0.09000000000003183,1.1999999999999318
bcsstk16,Mildly sparse,gust,4884,290378,0.40999999999996817,,0.15000000000009095,0.04699999999991178,0.3240000000000691,,,,,,2.5819999999999936,0.4270000000000209,0.6889999999999645,,0.10500000000001819,0.73599999999999
bcsstk16,Mildly sparse,merge,4884,290378,0.23900000000003274,,0.0949999999999136,0.05400000000008731,1.2289999999999281,6.55600000000004,0.31799999999998363,,,,,,0.25099999999997635,,0.11800000000005184,0.7339999999999236
bcsstk16,Mildly sparse,mrg2,4884,290378,0.23500000000001364,,0.09000000000003183,0.04699999999991178,,0.9650000000000318,0.3039999999999736,,,,,,0.04399999999998272,,0.08700000000010277,0.73599999999999
bcsstk16,Mildly sparse,mrg3,4884,290378,0.23899999999991905,,0.6779999999999973,0.06200000000001182,,0.9909999999999854,,,,,,,,,0.08800000000007913,0.7329999999999472
bcsstk28,Mildly sparse,cu,4410,219024,0.20199999999999818,,,,,,,0.1409999999999627,1.0500000000000682,0.18999999999994088,,,,,0.09199999999998454,0.7450000000000045
bcsstk28,Mildly sparse,gust,4410,219024,0.26400000000001,,0.03600000000005821,0.049999999999954525,0.3250000000000455,,,,,,1.634999999999991,0.30999999999994543,0.59699999999998,,0.10200000000008913,0.3909999999999627
bcsstk28,Mildly sparse,merge,4410,219024,0.2059999999999036,,0.051000000000044565,0.05899999999996908,0.9400000000000546,3.5699999999999363,0.32399999999995543,,,,,,0.22300000000007003,,0.10199999999997544,0.3990000000000009
bcsstk28,Mildly sparse,mrg2,4410,219024,0.19200000000000728,,0.036999999999920874,0.05700000000001637,,0.6449999999999818,0.2980000000000018,,,,,,0.04900000000009186,,0.09799999999995634,0.38800000000003365
bcsstk28,Mildly sparse,mrg3,4410,219024,0.18999999999994088,,0.31100000000003547,0.06799999999998363,,0.6080000000000609,,,,,,,,,0.0989999999999327,0.39200000000005275
bcsstk08,Mildly sparse,cu,1074,12960,0.09199999999998454,,,,,,,0.07400000000006912,0.36099999999999,0.13199999999994816,,,,,0.10900000000003729,0.4009999999999536
bcsstk08,Mildly sparse,gust,1074,12960,0.08699999999998909,,0.039000000000100954,0.04499999999995907,0.19200000000000728,,,,,,0.34199999999998454,0.18600000000003547,0.45499999999992724,,0.10800000000006094,0.20499999999992724
bcsstk08,Mildly sparse,merge,1074,12960,0.10000000000002274,,0.04800000000000182,0.05000000000006821,0.6129999999999427,19.767000000000053,0.2459999999999809,,,,,,0.2339999999999236,,0.09300000000007458,0.2039999999999509
bcsstk08,Mildly sparse,mrg2,1074,12960,0.09600000000000364,,0.044000000000096406,0.04699999999991178,,1.594000000000051,0.2380000000000564,,,,,,0.04499999999995907,,0.09399999999993724,0.20400000000006457
bcsstk08,Mildly sparse,mrg3,1074,12960,0.07899999999995089,,0.4490000000000691,0.06599999999991724,,0.6580000000000155,,,,,,,,,0.09000000000003183,0.20799999999997
can_1054,Mildly sparse,cu,1054,12196,0.08299999999996999,,,,,,,0.06700000000000728,0.2580000000000382,0.07799999999997453,,,,,0.025999999999953616,0.14000000000010004
can_1054,Mildly sparse,gust,1054,12196,0.08600000000001273,,0.025999999999953616,0.04600000000004911,0.1029999999999518,,,,,,0.26400000000001,0.11300000000005639,0.1409999999999627,,0.038000000000010914,0.05200000000002092
can_1054,Mildly sparse,merge,1054,12196,0.08399999999994634,,0.028999999999996362,0.04500000000007276,0.13999999999998636,0.5430000000000064,0.036999999999920874,,,,,,0.04800000000000182,,0.02400000000000091,0.04900000000009186
can_1054,Mildly sparse,mrg2,1054,12196,0.08100000000001728,,0.02400000000000091,0.04200000000003001,,0.14800000000002456,0.026000000000067303,,,,,,0.04099999999993997,,0.02299999999991087,0.04900000000009186
can_1054,Mildly sparse,mrg3,1054,12196,0.08299999999996999,,0.06100000000003547,0.05999999999994543,,0.07400000000006912,,,,,,,,,0.021999999999934516,0.04900000000009186
can_1072,Mildly sparse,cu,1072,12444,0.08199999999999363,,,,,,,0.056999999999902684,0.25100000000009004,0.06099999999992178,,,,,0.022000000000048203,0.1369999999999436
can_1072,Mildly sparse,gust,1072,12444,0.08400000000006003,,0.023000000000024556,0.03999999999996362,0.09600000000000364,,,,,,0.25299999999992906,0.10900000000003729,0.1290000000000191,,0.03300000000001546,0.049999999999954525
can_1072,Mildly sparse,merge,1072,12444,0.08399999999994634,,0.027000000000043656,0.036999999999920874,0.14400000000000546,0.5950000000000273,0.15799999999990177,,,,,,0.04600000000004911,,0.02400000000000091,0.05000000000006821
can_1072,Mildly sparse,mrg2,1072,12444,0.08000000000004093,,0.02299999999991087,0.03700000000003456,,0.14599999999995816,0.025999999999953616,,,,,,0.035000000000081855,,0.01700000000005275,0.049999999999954525
can_1072,Mildly sparse,mrg3,1072,12444,0.07800000000008822,,0.056999999999902684,0.05000000000006821,,0.08100000000001728,,,,,,,,,0.020999999999958163,0.05000000000006821
bcsstk19,Mildly sparse,cu,817,6853,0.08199999999999363,,,,,,,0.06200000000001182,0.16899999999998272,0.05999999999994543,,,,,0.023000000000024556,0.04000000000007731
bcsstk19,Mildly sparse,gust,817,6853,0.08700000000010277,,0.025999999999953616,0.038000000000010914,0.028999999999996362,,,,,,0.13199999999994816,0.04500000000007276,0.05899999999996908,,0.022000000000048203,0.028999999999996362
bcsstk19,Mildly sparse,merge,817,6853,0.07799999999997453,,0.02800000000002001,0.03600000000005821,0.043000000000006366,0.07099999999991269,0.024999999999977263,,,,,,0.04100000000005366,,0.02100000000007185,0.020999999999958163
bcsstk19,Mildly sparse,mrg2,817,6853,0.08000000000004093,,0.024999999999977263,0.036999999999920874,,0.04800000000000182,0.02699999999992997,,,,,,0.035000000000081855,,0.018000000000029104,0.022000000000048203
bcsstk19,Mildly sparse,mrg3,817,6853,0.07600000000002183,,0.038000000000010914,0.05299999999999727,,0.04200000000003001,,,,,,,,,0.02699999999992997,0.022000000000048203
bcsstm12,Highly sparse,cu,1473,19659,0.09100000000000819,,,,,,,0.06499999999994088,0.2520000000000664,0.06799999999998363,,,,,0.02400000000000091,0.1369999999999436
bcsstm12,Highly sparse,gust,1473,19659,0.09299999999996089,,0.028999999999996362,0.03899999999998727,0.10000000000002274,,,,,,0.26400000000001,0.16300000000001091,0.18700000000001182,,0.03499999999996817,0.04499999999995907
bcsstm12,Highly sparse,merge,1473,19659,0.08900000000005548,,0.028999999999996362,0.041999999999916326,0.125,0.26300000000003365,0.13899999999989632,,,,,,0.11300000000005639,,0.026000000000067303,0.04499999999995907
bcsstm12,Highly sparse,mrg2,1473,19659,0.08500000000003638,,0.03099999999994907,0.04200000000003001,,0.1309999999999718,0.08900000000005548,,,,,,0.043000000000006366,,0.02400000000000091,0.04399999999998272
bcsstm12,Highly sparse,mrg3,1473,19659,0.08100000000001728,,0.049999999999954525,0.06600000000003092,,0.06500000000005457,,,,,,,,,0.021999999999934516,0.04600000000004911
bcsstm03,Highly sparse,cu,112,112,0.07800000000008822,,,,,,,0.08199999999999363,0.18599999999992178,0.06800000000009732,,,,,0.025999999999953616,0.024999999999977263
bcsstm03,Highly sparse,gust,112,112,0.08399999999994634,,0.02400000000000091,0.04600000000004911,0.024999999999977263,,,,,,0.05099999999993088,0.04500000000007276,0.05899999999996908,,0.023000000000024556,0.010999999999967258
bcsstm03,Highly sparse,merge,112,112,0.07799999999997453,,0.033999999999991815,0.04399999999998272,0.031000000000062755,0.020999999999958163,0.0340000000001055,,,,,,0.04499999999995907,,0.021999999999934516,0.012000000000057298
bcsstm03,Highly sparse,mrg2,112,112,0.08799999999996544,,0.02400000000000091,0.04800000000000182,,0.03700000000003456,0.025999999999953616,,,,,,0.03999999999996362,,0.023000000000024556,0.012000000000057298
bcsstm03,Highly sparse,mrg3,112,112,0.08199999999999363,,0.03099999999994907,0.06600000000003092,,0.024999999999977263,,,,,,,,,0.028999999999996362,0.010999999999967258
bcspwr05,Highly sparse,cu,443,1623,0.08499999999992269,,,,,,,0.05700000000001637,0.16200000000003456,0.05700000000001637,,,,,0.01999999999998181,0.02800000000002001
bcspwr05,Highly sparse,gust,443,1623,0.07799999999997453,,0.02400000000000091,0.038000000000010914,0.02800000000002001,,,,,,0.11400000000003274,0.043000000000006366,0.05599999999992633,,0.01999999999998181,0.012000000000057298
bcspwr05,Highly sparse,merge,443,1623,0.08500000000003638,,0.02299999999991087,0.03700000000003456,0.028999999999996362,0.053999999999973625,0.024999999999977263,,,,,,0.039000000000100954,,0.019000000000005457,0.011999999999943611
bcspwr05,Highly sparse,mrg2,443,1623,0.07299999999997908,,0.023000000000024556,0.03499999999996817,,0.04600000000004911,0.02400000000000091,,,,,,0.03300000000001546,,0.01999999999998181,0.011999999999943611
bcspwr05,Highly sparse,mrg3,443,1623,0.07599999999990814,,0.028999999999996362,0.05000000000006821,,0.03099999999994907,,,,,,,,,0.019000000000005457,0.013000000000033651
bcsstk26,Highly sparse,cu,1922,30336,0.09700000000009368,,,,,,,0.06700000000000728,0.3009999999999309,0.06600000000003092,,,,,0.08799999999996544,0.1650000000000773
bcsstk26,Highly sparse,gust,1922,30336,0.08699999999998909,,0.02400000000000091,0.03899999999998727,0.1510000000000673,,,,,,0.28899999999998727,0.20000000000004547,0.3129999999999882,,0.03499999999996817,0.06999999999993634
bcsstk26,Highly sparse,merge,1922,30336,0.10099999999999909,,0.03200000000003911,0.041999999999916326,0.22200000000009368,0.46299999999996544,0.16399999999998727,,,,,,0.16800000000000637,,0.02800000000002001,0.06999999999993634
bcsstk26,Highly sparse,mrg2,1922,30336,0.09399999999993724,,0.02800000000002001,0.038000000000010914,,0.21500000000003183,0.14600000000007185,,,,,,0.04099999999993997,,0.024999999999977263,0.06799999999998363
bcsstk26,Highly sparse,mrg3,1922,30336,0.09199999999998454,,0.07600000000002183,0.05700000000001637,,0.08900000000005548,,,,,,,,,0.020999999999958163,0.06799999999998363
bcsstk33,Highly sparse,cu,8738,591904,0.2380000000000564,,,,,,,0.15899999999999181,2.2919999999999163,0.19600000000002638,,,,,0.07000000000005002,1.336999999999989
bcsstk33,Highly sparse,gust,8738,591904,1.2379999999999427,,0.08799999999996544,0.04200000000003001,0.6760000000000446,,,,,,5.581999999999994,0.5860000000000127,0.9839999999999236,,0.07500000000004547,0.7709999999999582
bcsstk33,Highly sparse,merge,8738,591904,0.5929999999999609,,0.11599999999998545,0.043000000000006366,2.3079999999999927,17.326000000000022,0.3429999999999609,,,,,,0.3120000000000118,,0.07500000000004547,0.7889999999999873
bcsstk33,Highly sparse,mrg2,8738,591904,0.5940000000000509,,0.10799999999994725,0.03999999999996362,,2.4010000000000673,0.36599999999998545,,,,,,0.04099999999993997,,0.08800000000007913,0.7649999999999864
bcsstk33,Highly sparse,mrg3,8738,591904,0.23500000000001364,,1.5059999999999718,0.05999999999994543,,2.2630000000000337,,,,,,,,,0.08199999999999363,0.7609999999999673
bcsstm04,Highly sparse,cu,132,132,0.07900000000006457,,,,,,,0.05999999999994543,0.15800000000001546,0.06000000000005912,,,,,0.01999999999998181,0.02699999999992997
bcsstm04,Highly sparse,gust,132,132,0.07899999999995089,,0.022000000000048203,0.03899999999998727,0.023000000000024556,,,,,,0.04699999999991178,0.04100000000005366,0.05700000000001637,,0.020999999999958163,0.010999999999967258
bcsstm04,Highly sparse,merge,132,132,0.07899999999995089,,0.022000000000048203,0.03899999999998727,0.022000000000048203,0.021999999999934516,0.025999999999953616,,,,,,0.04000000000007731,,0.019000000000005457,0.010999999999967258
bcsstm04,Highly sparse,mrg2,132,132,0.07500000000004547,,0.020999999999958163,0.038000000000010914,,0.029999999999972715,0.02400000000000091,,,,,,0.03499999999996817,,0.01999999999998181,0.011000000000080945
bcsstm04,Highly sparse,mrg3,132,132,0.07299999999997908,,0.023000000000024556,0.05999999999994543,,0.02400000000000091,,,,,,,,,0.018000000000029104,0.011999999999943611
bcsstk15,Highly sparse,cu,3948,117816,0.14400000000000546,,,,,,,0.1290000000000191,0.7590000000000146,0.18599999999992178,,,,,0.08800000000007913,0.6749999999999545
bcsstk15,Highly sparse,gust,3948,117816,0.1470000000000482,,0.029999999999972715,0.04500000000007276,0.18399999999996908,,,,,,0.7379999999999427,0.21000000000003638,0.5589999999999691,,0.09900000000004638,0.34400000000005093
bcsstk15,Highly sparse,merge,3948,117816,0.13999999999998636,,0.029999999999972715,0.04500000000007276,0.3709999999999809,1.393000000000029,0.30900000000008276,,,,,,0.22499999999990905,,0.09299999999996089,0.34699999999998
bcsstk15,Highly sparse,mrg2,3948,117816,0.1409999999999627,,0.028999999999996362,0.044000000000096406,,0.39400000000000546,0.29300000000000637,,,,,,0.04499999999995907,,0.09199999999998454,0.3450000000000273
bcsstk15,Highly sparse,mrg3,3948,117816,0.1409999999999627,,0.19399999999995998,0.06300000000010186,,0.3789999999999054,,,,,,,,,0.08300000000008367,0.34600000000000364
bcsstm22,Highly sparse,cu,138,138,0.11799999999993815,,,,,,,0.09600000000000364,0.2480000000000473,0.0989999999999327,,,,,0.038000000000010914,0.04600000000004911
bcsstm22,Highly sparse,gust,138,138,0.12000000000000455,,0.03199999999992542,0.06400000000007822,0.03899999999998727,,,,,,0.06799999999998363,0.07100000000002638,0.09799999999995634,,0.038000000000010914,0.014000000000010004
bcsstm22,Highly sparse,merge,138,138,0.12000000000000455,,0.038000000000010914,0.06100000000003547,0.038000000000010914,0.03599999999994452,0.04499999999995907,,,,,,0.06600000000003092,,0.03999999999996362,0.022000000000048203
bcsstm22,Highly sparse,mrg2,138,138,0.1129999999999427,,0.03600000000005821,0.05700000000001637,,0.043000000000006366,0.04499999999995907,,,,,,0.06700000000000728,,0.04099999999993997,0.014000000000010004
bcsstm22,Highly sparse,mrg3,138,138,0.1129999999999427,,0.04000000000007731,0.08100000000001728,,0.03899999999998727,,,,,,,,,0.03899999999998727,0.016999999999939064
bp_1600,Highly sparse,cu,822,4841,0.07999999999992724,,,,,,,0.057999999999992724,0.18900000000007822,0.05700000000001637,,,,,0.024999999999977263,0.03899999999998727
bp_1600,Highly sparse,gust,822,4841,0.07899999999995089,,0.03600000000005821,0.03899999999998727,0.05499999999994998,,,,,,0.1290000000000191,0.04100000000005366,0.05499999999994998,,0.018000000000029104,0.03499999999996817
bp_1600,Highly sparse,merge,822,4841,0.07799999999997453,,0.033999999999991815,0.038000000000010914,0.24900000000002365,16.746999999999957,0.02400000000000091,,,,,,0.04100000000005366,,0.016999999999939064,0.026000000000067303
bp_1600,Highly sparse,mrg2,822,4841,0.07699999999999818,,0.03499999999996817,0.04600000000004911,,1.2649999999999864,0.02299999999991087,,,,,,0.03600000000005821,,0.018000000000029104,0.024999999999977263
bp_1600,Highly sparse,mrg3,822,4841,0.07500000000004547,,0.32399999999995543,0.05299999999999727,,0.3770000000000664,,,,,,,,,0.018000000000029104,0.025999999999953616
bp_1400,Highly sparse,cu,822,4790,0.10400000000004184,,,,,,,0.08699999999998909,0.19799999999997908,0.07000000000005002,,,,,0.025999999999953616,0.047000000000025466
bp_1400,Highly sparse,gust,822,4790,0.10000000000002274,,0.04499999999995907,0.04800000000000182,0.06200000000001182,,,,,,0.1450000000000955,0.05299999999999727,0.07299999999997908,,0.024999999999977263,0.03899999999998727
bp_1400,Highly sparse,merge,822,4790,0.0989999999999327,,0.04000000000007731,0.04499999999995907,0.25900000000001455,17.182999999999993,0.03099999999994907,,,,,,0.057999999999992724,,0.023000000000024556,0.026000000000067303
bp_1400,Highly sparse,mrg2,822,4790,0.09799999999995634,,0.04000000000007731,0.04399999999998272,,1.2519999999999527,0.02800000000002001,,,,,,0.04600000000004911,,0.029999999999972715,0.025999999999953616
bp_1400,Highly sparse,mrg3,822,4790,0.09199999999998454,,0.3249999999999318,0.06299999999998818,,0.38600000000008095,,,,,,,,,0.025999999999953616,0.026000000000067303
bp_1200,Highly sparse,cu,822,4726,0.07999999999992724,,,,,,,0.057999999999992724,0.19000000000005457,0.05899999999996908,,,,,0.019000000000005457,0.04100000000005366
bp_1200,Highly sparse,gust,822,4726,0.08000000000004093,,0.045999999999935426,0.04000000000007731,0.05999999999994543,,,,,,0.1309999999999718,0.044000000000096406,0.05599999999992633,,0.019000000000005457,0.03200000000003911
bp_1200,Highly sparse,merge,822,4726,0.07699999999999818,,0.036999999999920874,0.04000000000007731,0.25299999999992906,17.288999999999987,0.024999999999977263,,,,,,0.04200000000003001,,0.01700000000005275,0.024999999999977263
bp_1200,Highly sparse,mrg2,822,4726,0.08100000000001728,,0.03300000000001546,0.03700000000003456,,1.274000000000001,0.028999999999996362,,,,,,0.036999999999920874,,0.018000000000029104,0.024999999999977263
bp_1200,Highly sparse,mrg3,822,4726,0.07699999999999818,,0.3210000000000264,0.05299999999999727,,0.37999999999999545,,,,,,,,,0.03599999999994452,0.026000000000067303
685_bus,Highly sparse,cu,685,3249,0.08799999999996544,,,,,,,0.057999999999992724,0.17399999999997817,0.059000000000082764,,,,,0.01999999999998181,0.03200000000003911
685_bus,Highly sparse,gust,685,3249,0.07699999999999818,,0.023000000000024556,0.038000000000010914,0.024999999999977263,,,,,,0.12199999999995725,0.04399999999998272,0.05700000000001637,,0.02100000000007185,0.01599999999996271
685_bus,Highly sparse,merge,685,3249,0.07999999999992724,,0.02400000000000091,0.04000000000007731,0.03199999999992542,0.07799999999997453,0.02699999999992997,,,,,,0.04000000000007731,,0.018000000000029104,0.01700000000005275
685_bus,Highly sparse,mrg2,685,3249,0.07399999999995543,,0.023000000000024556,0.03600000000005821,,0.04499999999995907,0.02400000000000091,,,,,,0.03899999999998727,,0.018000000000029104,0.01599999999996271
685_bus,Highly sparse,mrg3,685,3249,0.07299999999997908,,0.03700000000003456,0.057999999999992724,,0.043000000000006366,,,,,,,,,0.01999999999998181,0.016000000000076398
bp_1000,Highly sparse,cu,822,4661,0.08100000000001728,,,,,,,0.05700000000001637,0.17700000000002092,0.06100000000003547,,,,,0.017999999999915417,0.04100000000005366
bp_1000,Highly sparse,gust,822,4661,0.07999999999992724,,0.038000000000010914,0.03999999999996362,0.055000000000063665,,,,,,0.13599999999996726,0.04399999999998272,0.05700000000001637,,0.019000000000005457,0.03200000000003911
bp_1000,Highly sparse,merge,822,4661,0.07799999999997453,,0.03700000000003456,0.045999999999935426,0.24700000000007094,16.976,0.024999999999977263,,,,,,0.043000000000006366,,0.018000000000029104,0.024999999999977263
bp_1000,Highly sparse,mrg2,822,4661,0.07900000000006457,,0.04399999999998272,0.03700000000003456,,1.231999999999971,0.02400000000000091,,,,,,0.038000000000010914,,0.018000000000029104,0.02400000000000091
bp_1000,Highly sparse,mrg3,822,4661,0.07899999999995089,,0.32000000000005,0.05499999999994998,,0.3809999999999718,,,,,,,,,0.022000000000048203,0.024999999999977263
494_bus,Highly sparse,cu,494,1666,0.08400000000006003,,,,,,,0.07499999999993179,0.17799999999999727,0.057999999999992724,,,,,0.022000000000048203,0.027000000000043656
494_bus,Highly sparse,gust,494,1666,0.08699999999998909,,0.023000000000024556,0.04100000000005366,0.024999999999977263,,,,,,0.1150000000000091,0.04499999999995907,0.05700000000001637,,0.020999999999958163,0.013000000000033651
494_bus,Highly sparse,merge,494,1666,0.09500000000002728,,0.027999999999906322,0.051000000000044565,0.03600000000005821,0.049999999999954525,0.025999999999953616,,,,,,0.04200000000003001,,0.019000000000005457,0.012000000000057298
494_bus,Highly sparse,mrg2,494,1666,0.08700000000010277,,0.021999999999934516,0.03899999999998727,,0.04100000000005366,0.03300000000001546,,,,,,0.03599999999994452,,0.01999999999998181,0.012000000000057298
494_bus,Highly sparse,mrg3,494,1666,0.08000000000004093,,0.02699999999992997,0.06200000000001182,,0.030000000000086402,,,,,,,,,0.01999999999998181,0.011999999999943611
bp_800,Highly sparse,cu,822,4534,0.08199999999999363,,,,,,,0.06300000000010186,0.18199999999990268,0.06000000000005912,,,,,0.019000000000005457,0.03899999999998727
bp_800,Highly sparse,gust,822,4534,0.08100000000001728,,0.03300000000001546,0.04099999999993997,0.053999999999973625,,,,,,0.12999999999999545,0.044000000000096406,0.056999999999902684,,0.022000000000048203,0.03200000000003911
bp_800,Highly sparse,merge,822,4534,0.08699999999998909,,0.04200000000003001,0.04600000000004911,0.2400000000000091,16.454999999999927,0.02400000000000091,,,,,,0.06400000000007822,,0.019000000000005457,0.02299999999991087
bp_800,Highly sparse,mrg2,822,4534,0.09300000000007458,,0.033999999999991815,0.04099999999993997,,1.2060000000000173,0.024999999999977263,,,,,,0.03700000000003456,,0.01999999999998181,0.022000000000048203
bp_800,Highly sparse,mrg3,822,4534,0.08000000000004093,,0.3310000000000173,0.05199999999990723,,0.38800000000003365,,,,,,,,,0.019000000000005457,0.023000000000024556
bcsstm05,Highly sparse,cu,153,153,0.07899999999995089,,,,,,,0.05499999999994998,0.15899999999999181,0.055000000000063665,,,,,0.023000000000024556,0.02699999999992997
bcsstm05,Highly sparse,gust,153,153,0.08100000000001728,,0.025999999999953616,0.03600000000005821,0.04099999999993997,,,,,,0.04899999999997817,0.038000000000010914,0.05700000000001637,,0.023000000000024556,0.009999999999990905
bcsstm05,Highly sparse,merge,153,153,0.07699999999999818,,0.029999999999972715,0.03599999999994452,0.031000000000062755,0.01999999999998181,0.02800000000002001,,,,,,0.03899999999998727,,0.018000000000029104,0.010999999999967258
bcsstm05,Highly sparse,mrg2,153,153,0.07399999999995543,,0.022000000000048203,0.033999999999991815,,0.028999999999996362,0.024999999999977263,,,,,,0.03199999999992542,,0.022000000000048203,0.009999999999990905
bcsstm05,Highly sparse,mrg3,153,153,0.07300000000009277,,0.024999999999977263,0.04800000000000182,,0.02400000000000091,,,,,,,,,0.018000000000029104,0.010999999999967258
bp_600,Highly sparse,cu,822,4172,0.07899999999995089,,,,,,,0.05700000000001637,0.22900000000004184,0.057999999999992724,,,,,0.019000000000005457,0.03499999999996817
bp_600,Highly sparse,gust,822,4172,0.08400000000006003,,0.03499999999996817,0.038000000000010914,0.049999999999954525,,,,,,0.1230000000000473,0.043000000000006366,0.05299999999999727,,0.01999999999998181,0.027000000000043656
bp_600,Highly sparse,merge,822,4172,0.07799999999997453,,0.035000000000081855,0.036999999999920874,0.22900000000004184,15.865999999999985,0.02299999999991087,,,,,,0.04000000000007731,,0.01700000000005275,0.01999999999998181
bp_600,Highly sparse,mrg2,822,4172,0.07799999999997453,,0.03199999999992542,0.03600000000005821,,1.1820000000000164,0.023000000000024556,,,,,,0.03499999999996817,,0.018000000000029104,0.01999999999998181
bp_600,Highly sparse,mrg3,822,4172,0.07600000000002183,,0.32799999999997453,0.05200000000002092,,0.3790000000000191,,,,,,,,,0.019000000000005457,0.01999999999998181
bp_400,Highly sparse,cu,822,4028,0.10099999999999909,,,,,,,0.07100000000002638,0.18799999999998818,0.06299999999998818,,,,,0.01999999999998181,0.03700000000003456
bp_400,Highly sparse,gust,822,4028,0.08800000000007913,,0.036999999999920874,0.05299999999999727,0.05299999999999727,,,,,,0.12999999999999545,0.04900000000009186,0.05999999999994543,,0.020999999999958163,0.030000000000086402
bp_400,Highly sparse,merge,822,4028,0.08499999999992269,,0.03700000000003456,0.04200000000003001,0.21699999999998454,14.817000000000007,0.028999999999996362,,,,,,0.09299999999996089,,0.023000000000024556,0.020999999999958163
bp_400,Highly sparse,mrg2,822,4028,0.0989999999999327,,0.03600000000005821,0.043000000000006366,,1.1240000000000236,0.023000000000024556,,,,,,0.04099999999993997,,0.01999999999998181,0.01999999999998181
bp_400,Highly sparse,mrg3,822,4028,0.08699999999998909,,0.3250000000000455,0.06299999999998818,,0.3790000000000191,,,,,,,,,0.021999999999934516,0.020000000000095497
662_bus,Highly sparse,cu,662,2474,0.09399999999993724,,,,,,,0.059000000000082764,0.16300000000001091,0.05599999999992633,,,,,0.01999999999998181,0.02800000000002001
662_bus,Highly sparse,gust,662,2474,0.09000000000003183,,0.023000000000024556,0.036999999999920874,0.027000000000043656,,,,,,0.1190000000000282,0.043000000000006366,0.05499999999994998,,0.01999999999998181,0.014000000000010004
662_bus,Highly sparse,merge,662,2474,0.09199999999998454,,0.02400000000000091,0.03999999999996362,0.030000000000086402,0.053999999999973625,0.02400000000000091,,,,,,0.03999999999996362,,0.01999999999998181,0.014000000000010004
662_bus,Highly sparse,mrg2,662,2474,0.08299999999996999,,0.022000000000048203,0.03700000000003456,,0.03999999999996362,0.03499999999996817,,,,,,0.033999999999991815,,0.019000000000005457,0.014999999999986358
662_bus,Highly sparse,mrg3,662,2474,0.08400000000006003,,0.04200000000003001,0.05099999999993088,,0.033999999999991815,,,,,,,,,0.018000000000029104,0.014999999999986358
bp_200,Highly sparse,cu,822,3802,0.1089999999999236,,,,,,,0.07500000000004547,0.20000000000004547,0.07200000000000273,,,,,0.028999999999996362,0.05099999999993088
bp_200,Highly sparse,gust,822,3802,0.10099999999999909,,0.04099999999993997,0.05299999999999727,0.053999999999973625,,,,,,0.12800000000004275,0.053999999999973625,0.06700000000000728,,0.02800000000002001,0.03300000000001546
bp_200,Highly sparse,merge,822,3802,0.09699999999997999,,0.043000000000006366,0.05899999999996908,0.20299999999997453,13.480000000000018,0.03300000000001546,,,,,,0.05600000000004002,,0.027999999999906322,0.02100000000007185
bp_200,Highly sparse,mrg2,822,3802,0.10900000000003729,,0.04099999999993997,0.049999999999954525,,0.9740000000000464,0.03099999999994907,,,,,,0.04600000000004911,,0.029999999999972715,0.022000000000048203
bp_200,Highly sparse,mrg3,822,3802,0.09799999999995634,,0.29200000000003,0.06399999999996453,,0.34799999999995634,,,,,,,,,0.031000000000062755,0.020999999999958163
bcsstm13,Highly sparse,cu,2003,21943,0.09600000000000364,,,,,,,0.06700000000000728,0.35199999999997544,0.06600000000003092,,,,,0.019000000000005457,0.17599999999993088
bcsstm13,Highly sparse,gust,2003,21943,0.09299999999996089,,0.02800000000002001,0.04200000000003001,0.16200000000003456,,,,,,0.32399999999995543,0.18399999999996908,0.3170000000000073,,0.035000000000081855,0.07499999999993179
bcsstm13,Highly sparse,merge,2003,21943,0.10000000000002274,,0.03099999999994907,0.04200000000003001,0.42399999999997817,1.893000000000029,0.15099999999995362,,,,,,0.17200000000002547,,0.027000000000043656,0.07299999999997908
bcsstm13,Highly sparse,mrg2,2003,21943,0.09100000000000819,,0.029999999999972715,0.03999999999996362,,0.4089999999999918,0.14600000000007185,,,,,,0.043000000000006366,,0.02699999999992997,0.07400000000006912
bcsstm13,Highly sparse,mrg3,2003,21943,0.08900000000005548,,0.14999999999997726,0.05899999999996908,,0.20500000000004093,,,,,,,,,0.03099999999994907,0.07299999999997908
bp_0,Highly sparse,cu,822,3276,0.08100000000001728,,,,,,,0.05899999999996908,0.18299999999999272,0.06100000000003547,,,,,0.021999999999934516,0.03600000000005821
bp_0,Highly sparse,gust,822,3276,0.07699999999999818,,0.051000000000044565,0.03999999999996362,0.047000000000025466,,,,,,0.12000000000000455,0.04499999999995907,0.05299999999999727,,0.018000000000029104,0.016999999999939064
bp_0,Highly sparse,merge,822,3276,0.07799999999997453,,0.03599999999994452,0.038000000000010914,0.16000000000008185,10.803999999999974,0.02400000000000091,,,,,,0.04800000000000182,,0.019000000000005457,0.01599999999996271
bp_0,Highly sparse,mrg2,822,3276,0.08299999999996999,,0.03499999999996817,0.03700000000003456,,0.8450000000000273,0.02299999999991087,,,,,,0.038000000000010914,,0.01700000000005275,0.01599999999996271
bp_0,Highly sparse,mrg3,822,3276,0.07699999999999818,,0.28700000000003456,0.05299999999999727,,0.32999999999992724,,,,,,,,,0.022000000000048203,0.01599999999996271
bcsstk23,Highly sparse,cu,3134,45178,0.10400000000004184,,,,,,,0.06499999999994088,0.34000000000003183,0.1330000000000382,,,,,0.12399999999990996,0.33600000000001273
bcsstk23,Highly sparse,gust,3134,45178,0.10200000000008913,,0.02699999999992997,0.04399999999998272,0.16000000000008185,,,,,,0.35199999999997544,0.20000000000004547,0.43499999999994543,,0.10800000000006094,0.15399999999999636
bcsstk23,Highly sparse,merge,3134,45178,0.1029999999999518,,0.027000000000043656,0.04499999999995907,0.21299999999996544,0.6460000000000719,0.2340000000000373,,,,,,0.1959999999999127,,0.08299999999996999,0.15300000000002
bcsstk23,Highly sparse,mrg2,3134,45178,0.10000000000002274,,0.024999999999977263,0.043000000000006366,,0.24099999999998545,0.23599999999999,,,,,,0.04200000000003001,,0.08500000000003638,0.15199999999992997
bcsstk23,Highly sparse,mrg3,3134,45178,0.09800000000007003,,0.09199999999998454,0.05999999999994543,,0.18399999999996908,,,,,,,,,0.08500000000003638,0.15499999999997272
bcsstk17,Highly sparse,cu,10974,428650,0.3349999999999227,,,,,,,0.18299999999999272,1.86099999999999,0.20000000000004547,,,,,0.09500000000002728,1.433999999999969
bcsstk17,Highly sparse,gust,10974,428650,0.39999999999997726,,0.10000000000002274,0.051000000000044565,0.3310000000000173,,,,,,2.634999999999991,0.3969999999999345,0.7180000000000746,,0.1150000000000091,0.8990000000000009
bcsstk17,Highly sparse,merge,10974,428650,0.3410000000000082,,0.10500000000001819,0.05099999999993088,1.2390000000000327,7.61099999999999,0.3690000000000282,,,,,,0.2740000000000009,,0.08900000000005548,0.9089999999999918
bcsstk17,Highly sparse,mrg2,10974,428650,0.3369999999999891,,0.09999999999990905,0.05000000000006821,,0.9360000000000355,0.34600000000000364,,,,,,0.04499999999995907,,0.09199999999998454,0.8980000000000246
bcsstk17,Highly sparse,mrg3,10974,428650,0.33399999999994634,,0.6310000000000855,0.06499999999994088,,0.9360000000000355,,,,,,,,,0.08600000000001273,0.9089999999999918
blckhole,Highly sparse,cu,2132,14872,0.09699999999997999,,,,,,,0.07599999999990814,0.25700000000006185,0.07100000000002638,,,,,0.025999999999953616,0.1349999999999909
blckhole,Highly sparse,gust,2132,14872,0.09100000000000819,,0.028999999999996362,0.04800000000000182,0.031000000000062755,,,,,,0.2799999999999727,0.11599999999998545,0.07299999999997908,,0.03700000000003456,0.03899999999998727
blckhole,Highly sparse,merge,2132,14872,0.08899999999994179,,0.031000000000062755,0.045999999999935426,0.043000000000006366,0.2319999999999709,0.10400000000004184,,,,,,0.05000000000006821,,0.027999999999906322,0.038000000000010914
blckhole,Highly sparse,mrg2,2132,14872,0.08399999999994634,,0.02800000000002001,0.043000000000006366,,0.06499999999994088,0.028999999999996362,,,,,,0.04200000000003001,,0.031000000000062755,0.036999999999920874
blckhole,Highly sparse,mrg3,2132,14872,0.08600000000001273,,0.05700000000001637,0.06499999999994088,,0.06799999999998363,,,,,,,,,0.02500000000009095,0.038000000000010914
bcsstk29,Highly sparse,cu,13992,619488,0.2459999999999809,,,,,,,0.16200000000003456,2.4069999999999254,0.17300000000000182,,,,,0.08000000000004093,1.18100000000004
bcsstk29,Highly sparse,gust,13992,619488,0.26700000000005275,,0.07699999999999818,0.03999999999996362,0.49500000000000455,,,,,,4.189000000000078,0.4619999999999891,0.7160000000000082,,0.09100000000000819,0.7129999999999654
bcsstk29,Highly sparse,merge,13992,619488,1.0299999999999727,,0.1369999999999436,0.03899999999998727,1.518000000000029,6.807000000000016,0.3079999999999927,,,,,,0.24500000000000455,,0.08799999999996544,0.72300000000007
bcsstk29,Highly sparse,mrg2,13992,619488,0.48899999999991905,,0.09900000000004638,0.038000000000010914,,1.05600000000004,0.29700000000002547,,,,,,0.03599999999994452,,0.08699999999998909,0.7160000000000082
bcsstk29,Highly sparse,mrg3,13992,619488,0.24700000000007094,,0.7409999999999854,0.05099999999993088,,1.11200000000008,,,,,,,,,0.08299999999996999,0.70799999999997
1138_bus,Highly sparse,cu,1138,4054,0.07900000000006457,,,,,,,0.05999999999994543,0.19000000000005457,0.06299999999998818,,,,,0.025999999999953616,0.031000000000062755
1138_bus,Highly sparse,gust,1138,4054,0.08499999999992269,,0.023000000000024556,0.04200000000003001,0.025999999999953616,,,,,,0.12000000000000455,0.04499999999995907,0.059000000000082764,,0.020999999999958163,0.024999999999977263
1138_bus,Highly sparse,merge,1138,4054,0.08000000000004093,,0.02400000000000091,0.03899999999998727,0.03700000000003456,0.0989999999999327,0.02800000000002001,,,,,,0.04200000000003001,,0.019000000000005457,0.017999999999915417
1138_bus,Highly sparse,mrg2,1138,4054,0.07800000000008822,,0.02299999999991087,0.038000000000010914,,0.05700000000001637,0.028999999999996362,,,,,,0.03600000000005821,,0.018000000000029104,0.017999999999915417
1138_bus,Highly sparse,mrg3,1138,4054,0.07499999999993179,,0.03600000000005821,0.05200000000002092,,0.04099999999993997,,,,,,,,,0.02500000000009095,0.01899999999989177
bcspwr06,Highly sparse,cu,1454,5300,0.08500000000003638,,,,,,,0.06799999999998363,0.18899999999996453,0.06500000000005457,,,,,0.02400000000000091,0.03599999999994452
bcspwr06,Highly sparse,gust,1454,5300,0.08799999999996544,,0.02500000000009095,0.041999999999916326,0.02800000000002001,,,,,,0.125,0.047000000000025466,0.06200000000001182,,0.023000000000024556,0.028999999999996362
bcspwr06,Highly sparse,merge,1454,5300,0.08399999999994634,,0.02800000000002001,0.038000000000010914,0.05099999999993088,0.08400000000006003,0.03300000000001546,,,,,,0.04399999999998272,,0.019000000000005457,0.01999999999998181
bcspwr06,Highly sparse,mrg2,1454,5300,0.08100000000001728,,0.025999999999953616,0.038000000000010914,,0.05400000000008731,0.027000000000043656,,,,,,0.041999999999916326,,0.020999999999958163,0.020000000000095497
bcspwr06,Highly sparse,mrg3,1454,5300,0.07699999999999818,,0.047000000000025466,0.05999999999994543,,0.057999999999992724,,,,,,,,,0.023000000000024556,0.019000000000005457
bcsstk30,Highly sparse,cu,28924,2043492,0.8659999999999854,,,,,,,0.20900000000006003,7.705999999999904,0.27100000000018554,,,,,0.07399999999984175,4.270999999999958
bcsstk30,Highly sparse,gust,28924,2043492,0.9179999999998927,,0.10100000000011278,0.04399999999986903,2.308999999999969,,,,,,23.31100000000015,1.941000000000031,2.5989999999999327,,0.07899999999995089,2.798000000000002
bcsstk30,Highly sparse,merge,28924,2043492,1.0060000000000855,,0.11899999999991451,0.040000000000190994,8.421999999999798,77.82900000000018,0.7999999999999545,,,,,,0.9579999999998563,,0.08600000000001273,2.897000000000162
bcsstk30,Highly sparse,mrg2,28924,2043492,1.2329999999999472,,0.12100000000009459,0.04299999999989268,,9.817999999999984,1.0510000000001583,,,,,,0.04099999999993997,,0.0989999999999327,2.616999999999962
bcsstk30,Highly sparse,mrg3,28924,2043492,1.441000000000031,,6.495999999999867,0.05700000000001637,,9.636999999999944,,,,,,,,,0.07000000000016371,2.69399999999996
bcsstm06,Highly sparse,cu,420,420,0.07999999999992724,,,,,,,0.07000000000005002,0.15399999999999636,0.05700000000001637,,,,,0.02400000000000091,0.028999999999996362
bcsstm06,Highly sparse,gust,420,420,0.08699999999998909,,0.02500000000009095,0.03999999999996362,0.02699999999992997,,,,,,0.04500000000007276,0.04200000000003001,0.05499999999994998,,0.022000000000048203,0.009999999999990905
bcsstm06,Highly sparse,merge,420,420,0.07799999999997453,,0.02400000000000091,0.04499999999995907,0.02800000000002001,0.022000000000048203,0.025999999999953616,,,,,,0.03899999999998727,,0.022000000000048203,0.009000000000014552
bcsstm06,Highly sparse,mrg2,420,420,0.07599999999990814,,0.02500000000009095,0.03499999999996817,,0.024999999999977263,0.025999999999953616,,,,,,0.033999999999991815,,0.020000000000095497,0.010999999999967258
bcsstm06,Highly sparse,mrg3,420,420,0.07200000000000273,,0.02400000000000091,0.04899999999997817,,0.027000000000043656,,,,,,,,,0.019000000000005457,0.010999999999967258
bcspwr08,Highly sparse,cu,1624,6050,0.08999999999991815,,,,,,,0.06400000000007822,0.17699999999990723,0.06500000000005457,,,,,0.02400000000000091,0.03999999999996362
bcspwr08,Highly sparse,gust,1624,6050,0.09500000000002728,,0.029999999999972715,0.04200000000003001,0.028999999999996362,,,,,,0.1329999999999245,0.04500000000007276,0.05999999999994543,,0.023000000000024556,0.029999999999972715
bcspwr08,Highly sparse,merge,1624,6050,0.08400000000006003,,0.02699999999992997,0.039000000000100954,0.036999999999920874,0.08300000000008367,0.028999999999996362,,,,,,0.04499999999995907,,0.019000000000005457,0.023000000000024556
bcspwr08,Highly sparse,mrg2,1624,6050,0.07899999999995089,,0.02800000000002001,0.03999999999996362,,0.05400000000008731,0.025999999999953616,,,,,,0.03999999999996362,,0.02100000000007185,0.020999999999958163
bcspwr08,Highly sparse,mrg3,1624,6050,0.07699999999999818,,0.045999999999935426,0.05700000000001637,,0.05299999999999727,,,,,,,,,0.02400000000000091,0.022000000000048203
bcspwr07,Highly sparse,cu,1612,5824,0.09200000000009823,,,,,,,0.07899999999995089,0.19299999999998363,0.07400000000006912,,,,,0.027999999999906322,0.03899999999998727
bcspwr07,Highly sparse,gust,1612,5824,0.08799999999996544,,0.026000000000067303,0.04800000000000182,0.029999999999972715,,,,,,0.13800000000003365,0.049999999999954525,0.06700000000000728,,0.026000000000067303,0.029999999999972715
bcspwr07,Highly sparse,merge,1612,5824,0.08499999999992269,,0.028999999999996362,0.04200000000003001,0.038000000000010914,0.08600000000001273,0.028999999999996362,,,,,,0.04899999999997817,,0.022000000000048203,0.02400000000000091
bcspwr07,Highly sparse,mrg2,1612,5824,0.08100000000001728,,0.02800000000002001,0.04600000000004911,,0.05599999999992633,0.029999999999972715,,,,,,0.04500000000007276,,0.021999999999934516,0.02400000000000091
bcspwr07,Highly sparse,mrg3,1612,5824,0.08000000000004093,,0.04899999999997817,0.06200000000001182,,0.05499999999994998,,,,,,,,,0.02500000000009095,0.02299999999991087
bcspwr09,Highly sparse,cu,1723,6511,0.08100000000001728,,,,,,,0.053999999999973625,0.16399999999998727,0.057999999999992724,,,,,0.02100000000007185,0.038000000000010914
bcspwr09,Highly sparse,gust,1723,6511,0.07999999999992724,,0.023000000000024556,0.03899999999998727,0.027000000000043656,,,,,,0.12800000000004275,0.041999999999916326,0.06500000000005457,,0.020999999999958163,0.029999999999972715
bcspwr09,Highly sparse,merge,1723,6511,0.08000000000004093,,0.02699999999992997,0.039000000000100954,0.03199999999992542,0.08900000000005548,0.028999999999996362,,,,,,0.03999999999996362,,0.018000000000029104,0.023000000000024556
bcspwr09,Highly sparse,mrg2,1723,6511,0.07399999999995543,,0.023000000000024556,0.03599999999994452,,0.05200000000002092,0.029999999999972715,,,,,,0.03600000000005821,,0.019000000000005457,0.02400000000000091
bcspwr09,Highly sparse,mrg3,1723,6511,0.07600000000002183,,0.033999999999991815,0.049999999999954525,,0.03899999999998727,,,,,,,,,0.019000000000005457,0.023000000000024556
bcsstm20,Highly sparse,cu,485,485,0.0989999999999327,,,,,,,0.07000000000005002,0.17200000000002547,0.06200000000001182,,,,,0.02699999999992997,0.027000000000043656
bcsstm20,Highly sparse,gust,485,485,0.08999999999991815,,0.02800000000002001,0.04399999999998272,0.02500000000009095,,,,,,0.05999999999994543,0.04800000000000182,0.06700000000000728,,0.022000000000048203,0.010999999999967258
bcsstm20,Highly sparse,merge,485,485,0.09199999999998454,,0.025999999999953616,0.04200000000003001,0.026000000000067303,0.024999999999977263,0.025999999999953616,,,,,,0.043000000000006366,,0.01999999999998181,0.011000000000080945
bcsstm20,Highly sparse,mrg2,485,485,0.08799999999996544,,0.02400000000000091,0.04100000000005366,,0.028999999999996362,0.03600000000005821,,,,,,0.03499999999996817,,0.023000000000024556,0.011999999999943611
bcsstm20,Highly sparse,mrg3,485,485,0.08699999999998909,,0.02699999999992997,0.057999999999992724,,0.02500000000009095,,,,,,,,,0.019000000000005457,0.010999999999967258
bcsstk21,Highly sparse,cu,3600,26600,0.09500000000002728,,,,,,,0.06200000000001182,0.2519999999999527,0.06300000000010186,,,,,0.04699999999991178,0.16600000000005366
bcsstk21,Highly sparse,gust,3600,26600,0.09700000000009368,,0.025999999999953616,0.03999999999996362,0.10000000000002274,,,,,,0.2620000000000573,0.11399999999991905,0.07200000000000273,,0.04200000000003001,0.07000000000005002
bcsstk21,Highly sparse,merge,3600,26600,0.11000000000001364,,0.03599999999994452,0.04100000000005366,0.10599999999999454,0.1329999999999245,0.09699999999997999,,,,,,0.047000000000025466,,0.024999999999977263,0.07100000000002638
bcsstk21,Highly sparse,mrg2,3600,26600,0.09400000000005093,,0.02699999999992997,0.04000000000007731,,0.04800000000000182,0.09199999999998454,,,,,,0.036999999999920874,,0.02500000000009095,0.07299999999997908
bcsstk21,Highly sparse,mrg3,3600,26600,0.08699999999998909,,0.05700000000001637,0.05299999999999727,,0.06600000000003092,,,,,,,,,0.02400000000000091,0.07000000000005002
bcsstm19,Highly sparse,cu,817,817,0.08199999999999363,,,,,,,0.06299999999998818,0.17599999999993088,0.06000000000005912,,,,,0.024999999999977263,0.027000000000043656
bcsstm19,Highly sparse,gust,817,817,0.08100000000001728,,0.02400000000000091,0.03799999999989723,0.02900000000011005,,,,,,0.04799999999988813,0.043000000000006366,0.05700000000001637,,0.023000000000024556,0.010999999999967258
bcsstm19,Highly sparse,merge,817,817,0.07899999999995089,,0.02400000000000091,0.038000000000010914,0.02400000000000091,0.03599999999994452,0.024999999999977263,,,,,,0.039000000000100954,,0.019000000000005457,0.011999999999943611
bcsstm19,Highly sparse,mrg2,817,817,0.07699999999999818,,0.02400000000000091,0.03599999999994452,,0.024999999999977263,0.024999999999977263,,,,,,0.03700000000003456,,0.02400000000000091,0.012000000000057298
bcsstm19,Highly sparse,mrg3,817,817,0.07299999999997908,,0.026000000000067303,0.049999999999954525,,0.025999999999953616,,,,,,,,,0.01700000000005275,0.011999999999943611
bcsstk25,Highly sparse,cu,15439,252241,0.14199999999993906,,,,,,,0.15899999999999181,0.6349999999999909,0.15800000000001546,,,,,0.07900000000006457,0.625
bcsstk25,Highly sparse,gust,15439,252241,0.14599999999995816,,0.06899999999995998,0.044000000000096406,0.1919999999998936,,,,,,0.8240000000000691,0.20899999999994634,0.40800000000001546,,0.07100000000002638,0.35000000000002274
bcsstk25,Highly sparse,merge,15439,252241,0.14299999999991542,,0.08199999999999363,0.04399999999998272,0.40600000000006276,2.4420000000000073,0.23700000000008004,,,,,,0.15199999999992997,,0.06999999999993634,0.35000000000002274
bcsstk25,Highly sparse,mrg2,15439,252241,0.13999999999998636,,0.07600000000002183,0.04000000000007731,,0.5389999999999873,0.22199999999998,,,,,,0.03599999999994452,,0.07300000000009277,0.3429999999999609
bcsstk25,Highly sparse,mrg3,15439,252241,0.13999999999998636,,0.40000000000009095,0.05199999999990723,,0.5640000000000782,,,,,,,,,0.06499999999994088,0.35000000000002274
bcsstk18,Highly sparse,cu,11948,149090,0.15800000000001546,,,,,,,0.12400000000002365,0.5099999999999909,0.18200000000001637,,,,,0.08600000000001273,0.7989999999999782
bcsstk18,Highly sparse,gust,11948,149090,0.16199999999992087,,0.029999999999972715,0.044000000000096406,0.17499999999995453,,,,,,0.5349999999999682,0.18400000000008276,0.47699999999997544,,0.12599999999997635,0.5220000000000482
bcsstk18,Highly sparse,merge,11948,149090,0.1710000000000491,,0.05099999999993088,0.044000000000096406,0.31399999999996453,1.4460000000000264,0.28099999999994907,,,,,,0.19399999999995998,,0.08900000000005548,0.5130000000000337
bcsstk18,Highly sparse,mrg2,11948,149090,0.15600000000006276,,0.03999999999996362,0.04500000000007276,,0.43499999999994543,0.29100000000005366,,,,,,0.05499999999994998,,0.08900000000005548,0.5109999999999673
bcsstk18,Highly sparse,mrg3,11948,149090,0.15600000000006276,,0.2419999999999618,0.05999999999994543,,0.43000000000006366,,,,,,,,,0.08600000000001273,0.5169999999999391
bcsstk32,Highly sparse,cu,44609,2014701,0.7639999999998963,,,,,,,0.19499999999993634,7.628000000000156,0.2319999999999709,,,,,0.06999999999993634,3.116999999999962
bcsstk32,Highly sparse,gust,44609,2014701,1.4399999999998272,,0.10100000000011278,0.04299999999989268,1.375,,,,,,13.302000000000135,1.2509999999999764,1.5059999999998581,,0.09200000000009823,2.0499999999999545
bcsstk32,Highly sparse,merge,44609,2014701,1.4890000000000327,,0.2419999999999618,0.04500000000007276,5.032999999999902,30.184999999999945,0.5860000000000127,,,,,,0.5309999999999491,,0.07600000000002183,2.18100000000004
bcsstk32,Highly sparse,mrg2,44609,2014701,1.3170000000000073,,0.17200000000002547,0.04299999999989268,,4.473999999999933,0.6700000000000728,,,,,,0.03999999999996362,,0.06999999999993634,2.0370000000000346
bcsstk32,Highly sparse,mrg3,44609,2014701,0.8119999999998981,,2.5930000000000746,0.06899999999995998,,4.280999999999949,,,,,,,,,0.08000000000015461,2.0239999999998872
bcsstk31,Extremely sparse,cu,35588,1181416,0.43899999999996453,,,,,,,0.17400000000009186,4.515999999999963,0.2379999999999427,,,,,0.08300000000008367,2.0039999999999054
bcsstk31,Extremely sparse,gust,35588,1181416,0.80499999999995,,0.09000000000003183,0.045999999999935426,0.7270000000000891,,,,,,6.255999999999972,0.6870000000000118,1.0769999999999982,,0.08199999999999363,1.407000000000039
bcsstk31,Extremely sparse,merge,35588,1181416,0.9070000000000391,,0.11000000000001364,0.04399999999998272,2.580000000000041,16.007999999999925,0.4519999999999982,,,,,,0.33199999999999363,,0.08199999999999363,1.4530000000000882
bcsstk31,Extremely sparse,mrg2,35588,1181416,0.8450000000000273,,0.13599999999996726,0.043000000000006366,,2.3859999999999673,0.4130000000000109,,,,,,0.043000000000006366,,0.08299999999996999,1.3960000000000719
bcsstk31,Extremely sparse,mrg3,35588,1181416,0.43899999999996453,,1.5600000000000591,0.06099999999992178,,2.5510000000000446,,,,,,,,,0.07899999999995089,1.3910000000000764
bcsstm08,Extremely sparse,cu,1074,1074,0.08399999999994634,,,,,,,0.06500000000005457,0.17599999999993088,0.06299999999998818,,,,,0.023000000000024556,0.031000000000062755
bcsstm08,Extremely sparse,gust,1074,1074,0.08899999999994179,,0.024999999999977263,0.03899999999998727,0.026000000000067303,,,,,,0.05299999999999727,0.04899999999997817,0.053999999999973625,,0.022000000000048203,0.011999999999943611
bcsstm08,Extremely sparse,merge,1074,1074,0.07999999999992724,,0.024999999999977263,0.039000000000100954,0.027999999999906322,0.02100000000007185,0.025999999999953616,,,,,,0.03999999999996362,,0.019000000000005457,0.012000000000057298
bcsstm08,Extremely sparse,mrg2,1074,1074,0.07400000000006912,,0.02299999999991087,0.04100000000005366,,0.03499999999996817,0.024999999999977263,,,,,,0.04100000000005366,,0.022000000000048203,0.011999999999943611
bcsstm08,Extremely sparse,mrg3,1074,1074,0.07699999999999818,,0.02800000000002001,0.05200000000002092,,0.028999999999996362,,,,,,,,,0.019000000000005457,0.014000000000010004
bcsstm09,Extremely sparse,cu,1083,1083,0.08600000000001273,,,,,,,0.07600000000002183,0.16999999999995907,0.07100000000002638,,,,,0.027000000000043656,0.033999999999991815
bcsstm09,Extremely sparse,gust,1083,1083,0.08600000000001273,,0.028999999999996362,0.04399999999998272,0.031000000000062755,,,,,,0.049999999999954525,0.04900000000009186,0.06399999999996453,,0.024999999999977263,0.012000000000057298
bcsstm09,Extremely sparse,merge,1083,1083,0.08700000000010277,,0.024999999999977263,0.04499999999995907,0.027000000000043656,0.024999999999977263,0.03600000000005821,,,,,,0.04099999999993997,,0.021999999999934516,0.012000000000057298
bcsstm09,Extremely sparse,mrg2,1083,1083,0.08200000000010732,,0.025999999999953616,0.04099999999993997,,0.03200000000003911,0.027999999999906322,,,,,,0.03600000000005821,,0.023000000000024556,0.012000000000057298
bcsstm09,Extremely sparse,mrg3,1083,1083,0.07600000000002183,,0.029999999999972715,0.05600000000004002,,0.02800000000002001,,,,,,,,,0.020999999999958163,0.013000000000033651
bcspwr10,Extremely sparse,cu,5300,21842,0.09199999999998454,,,,,,,0.06500000000005457,0.26299999999991996,0.06600000000003092,,,,,0.023000000000024556,0.15599999999994907
bcspwr10,Extremely sparse,gust,5300,21842,0.09100000000000819,,0.028999999999996362,0.043000000000006366,0.03300000000001546,,,,,,0.28300000000001546,0.11399999999991905,0.1490000000000009,,0.0340000000001055,0.049999999999954525
bcspwr10,Extremely sparse,merge,5300,21842,0.09000000000003183,,0.029999999999972715,0.04100000000005366,0.04100000000005366,0.15499999999997272,0.1089999999999236,,,,,,0.047000000000025466,,0.04000000000007731,0.05099999999993088
bcspwr10,Extremely sparse,mrg2,5300,21842,0.08799999999996544,,0.027000000000043656,0.03899999999998727,,0.05599999999992633,0.029999999999972715,,,,,,0.038000000000010914,,0.035000000000081855,0.049999999999954525
bcspwr10,Extremely sparse,mrg3,5300,21842,0.08799999999996544,,0.05400000000008731,0.057999999999992724,,0.05999999999994543,,,,,,,,,0.022000000000048203,0.057999999999992724
bcsstm11,Extremely sparse,cu,1473,1473,0.08399999999994634,,,,,,,0.06100000000003547,0.17300000000000182,0.06200000000001182,,,,,0.02400000000000091,0.028999999999996362
bcsstm11,Extremely sparse,gust,1473,1473,0.08899999999994179,,0.02400000000000091,0.039000000000100954,0.028999999999996362,,,,,,0.04800000000000182,0.041999999999916326,0.06200000000001182,,0.022000000000048203,0.009999999999990905
bcsstm11,Extremely sparse,merge,1473,1473,0.08600000000001273,,0.02400000000000091,0.03600000000005821,0.02400000000000091,0.021999999999934516,0.027000000000043656,,,,,,0.043000000000006366,,0.019000000000005457,0.019000000000005457
bcsstm11,Extremely sparse,mrg2,1473,1473,0.08400000000006003,,0.02400000000000091,0.03499999999996817,,0.024999999999977263,0.02699999999992997,,,,,,0.031000000000062755,,0.018000000000029104,0.011999999999943611
bcsstm11,Extremely sparse,mrg3,1473,1473,0.08000000000004093,,0.024999999999977263,0.05299999999999727,,0.024999999999977263,,,,,,,,,0.01999999999998181,0.009999999999990905
bcsstm26,Extremely sparse,cu,1922,1922,0.09299999999996089,,,,,,,0.06500000000005457,0.17499999999995453,0.06299999999998818,,,,,0.023000000000024556,0.029999999999972715
bcsstm26,Extremely sparse,gust,1922,1922,0.08899999999994179,,0.027000000000043656,0.03999999999996362,0.02500000000009095,,,,,,0.04800000000000182,0.04399999999998272,0.05999999999994543,,0.02400000000000091,0.010999999999967258
bcsstm26,Extremely sparse,merge,1922,1922,0.08500000000003638,,0.024999999999977263,0.03899999999998727,0.026000000000067303,0.021999999999934516,0.028999999999996362,,,,,,0.04100000000005366,,0.019000000000005457,0.011999999999943611
bcsstm26,Extremely sparse,mrg2,1922,1922,0.08300000000008367,,0.02400000000000091,0.036999999999920874,,0.026000000000067303,0.02800000000002001,,,,,,0.04099999999993997,,0.01999999999998181,0.013000000000033651
bcsstm26,Extremely sparse,mrg3,1922,1922,0.07900000000006457,,0.028999999999996362,0.049999999999954525,,0.029999999999972715,,,,,,,,,0.028999999999996362,0.013000000000033651
bcsstm23,Extremely sparse,cu,3134,3134,0.08100000000001728,,,,,,,0.053999999999973625,0.17000000000007276,0.06200000000001182,,,,,0.024999999999977263,0.029999999999972715
bcsstm23,Extremely sparse,gust,3134,3134,0.10799999999994725,,0.026000000000067303,0.038000000000010914,0.03300000000001546,,,,,,0.11199999999996635,0.045999999999935426,0.05700000000001637,,0.023000000000024556,0.012000000000057298
bcsstm23,Extremely sparse,merge,3134,3134,0.08000000000004093,,0.029999999999972715,0.03700000000003456,0.025999999999953616,0.02800000000002001,0.02800000000002001,,,,,,0.038000000000010914,,0.01999999999998181,0.013000000000033651
bcsstm23,Extremely sparse,mrg2,3134,3134,0.08600000000001273,,0.025999999999953616,0.03700000000003456,,0.03200000000003911,0.033999999999991815,,,,,,0.03499999999996817,,0.018000000000029104,0.014000000000010004
bcsstm23,Extremely sparse,mrg3,3134,3134,0.07699999999999818,,0.0340000000001055,0.049999999999954525,,0.03300000000001546,,,,,,,,,0.019000000000005457,0.012999999999919964
bcsstm24,Extremely sparse,cu,3562,3562,0.08299999999996999,,,,,,,0.05899999999996908,0.17700000000002092,0.06299999999998818,,,,,0.024999999999977263,0.027000000000043656
bcsstm24,Extremely sparse,gust,3562,3562,0.07799999999997453,,0.02400000000000091,0.04200000000003001,0.029999999999972715,,,,,,0.11599999999998545,0.044000000000096406,0.056999999999902684,,0.022000000000048203,0.024999999999977263
bcsstm24,Extremely sparse,merge,3562,3562,0.07999999999992724,,0.039000000000100954,0.03899999999998727,0.03199999999992542,0.023000000000024556,0.036999999999920874,,,,,,0.04100000000005366,,0.019000000000005457,0.014000000000010004
bcsstm24,Extremely sparse,mrg2,3562,3562,0.07500000000004547,,0.02699999999992997,0.03600000000005821,,0.03099999999994907,0.02699999999992997,,,,,,0.035000000000081855,,0.01999999999998181,0.013000000000033651
bcsstm24,Extremely sparse,mrg3,3562,3562,0.07399999999995543,,0.04499999999995907,0.05200000000002092,,0.033999999999991815,,,,,,,,,0.018000000000029104,0.014999999999986358
bcsstm21,Extremely sparse,cu,3600,3600,0.08299999999996999,,,,,,,0.05700000000001637,0.18100000000004002,0.06099999999992178,,,,,0.023000000000024556,0.029999999999972715
bcsstm21,Extremely sparse,gust,3600,3600,0.08500000000003638,,0.028999999999996362,0.038000000000010914,0.02699999999992997,,,,,,0.125,0.044000000000096406,0.053999999999973625,,0.021999999999934516,0.015000000000100044
bcsstm21,Extremely sparse,merge,3600,3600,0.08000000000004093,,0.03300000000001546,0.03499999999996817,0.02800000000002001,0.03999999999996362,0.02800000000002001,,,,,,0.03999999999996362,,0.019000000000005457,0.016000000000076398
bcsstm21,Extremely sparse,mrg2,3600,3600,0.07899999999995089,,0.026000000000067303,0.036999999999920874,,0.026000000000067303,0.027000000000043656,,,,,,0.03599999999994452,,0.01999999999998181,0.011999999999943611
bcsstm21,Extremely sparse,mrg3,3600,3600,0.07500000000004547,,0.03499999999996817,0.05200000000002092,,0.03300000000001546,,,,,,,,,0.018000000000029104,0.013999999999896318
bcsstm25,Extremely sparse,cu,15439,15439,0.09399999999993724,,,,,,,0.08400000000006003,0.18999999999994088,0.08400000000006003,,,,,0.02699999999992997,0.03899999999998727
bcsstm25,Extremely sparse,gust,15439,15439,0.10799999999994725,,0.03899999999998727,0.05700000000001637,0.047000000000025466,,,,,,0.1409999999999627,0.05000000000006821,0.06299999999998818,,0.03499999999996817,0.026000000000067303
bcsstm25,Extremely sparse,merge,15439,15439,0.11300000000005639,,0.08699999999998909,0.043000000000006366,0.033999999999991815,0.03200000000003911,0.04100000000005366,,,,,,0.04499999999995907,,0.025999999999953616,0.027000000000043656
bcsstm25,Extremely sparse,mrg2,15439,15439,0.09100000000000819,,0.035000000000081855,0.041999999999916326,,0.035000000000081855,0.036999999999920874,,,,,,0.03899999999998727,,0.02400000000000091,0.026000000000067303
bcsstm25,Extremely sparse,mrg3,15439,15439,0.08700000000010277,,0.08899999999994179,0.06500000000005457,,0.06599999999991724,,,,,,,,,0.030000000000086402,0.024999999999977263
