matrix,n,sym,density_pct,merge3,Auto,Auto_choice,Ocean,HSMU,cnnz
1138_bus,1138,Y,0.2005,0.114,0.107,merge3,0.209,0.305,11142
494_bus,494,Y,0.4426,0.108,0.094,merge3,0.218,0.293,4062
662_bus,662,Y,0.3578,0.099,0.098,merge3,0.221,0.285,6480
685_bus,685,Y,0.4192,0.106,0.104,merge3,0.205,0.301,9337
arc130,130,N,7.5858,0.158,0.238,hash,0.305,0.401,15631
ash292,292,Y,1.466,0.111,0.105,merge3,0.22,0.327,6042
ash85,85,Y,4.2076,0.095,0.089,merge3,0.194,0.294,1317
bcspwr01,39,Y,5.5884,0.082,0.083,merge3,0.195,0.278,275
bcspwr02,49,Y,4.4981,0.084,0.081,merge3,0.187,0.272,403
bcspwr03,118,Y,2.133,0.086,0.097,merge3,0.198,0.29,1270
bcspwr04,274,Y,1.2561,0.098,0.093,merge3,0.301,0.305,4982
bcspwr05,443,Y,0.5264,0.092,0.093,merge3,0.214,0.296,4249
bcspwr06,1454,Y,0.1597,0.128,0.137,merge3,0.218,0.344,14110
bcspwr07,1612,Y,0.1431,0.123,0.139,merge3,0.205,0.336,15684
bcspwr08,1624,Y,0.1455,0.127,0.135,merge3,0.209,0.309,16916
bcspwr09,1723,Y,0.1387,0.106,0.108,merge3,0.215,0.311,18485
bcspwr10,5300,Y,0.0483,0.139,0.163,merge3,0.237,0.918,60498
bcsstk01,48,Y,9.7222,0.084,0.085,merge3,0.312,0.3,1292
bcsstk02,66,Y,50.7576,0.112,0.259,hash,0.956,0.664,4356
bcsstk03,112,Y,2.9974,0.092,0.088,merge3,0.175,0.292,1072
bcsstk04,132,Y,10.8471,0.125,0.127,merge3,0.527,0.399,11968
bcsstk05,153,Y,5.5022,0.115,0.11,merge3,0.336,0.33,7245
bcsstk06,420,Y,2.3469,0.128,0.128,merge3,0.337,0.339,23660
bcsstk07,420,Y,2.3469,0.13,0.131,merge3,0.344,0.345,23660
bcsstk08,1074,Y,0.6083,0.936,0.524,hash,0.398,0.803,305612
bcsstk09,1083,Y,0.8321,0.162,0.151,merge3,0.315,0.335,71289
bcsstk10,1086,Y,0.9817,0.194,0.169,merge3,0.516,0.381,54504
bcsstk11,1473,Y,0.823,0.189,0.188,merge3,0.496,0.522,94187
bcsstk12,1473,Y,0.823,0.183,0.188,merge3,0.491,0.427,94187
bcsstk13,2003,Y,1.0704,0.787,0.717,hash,0.713,0.936,396773
bcsstk14,1806,Y,1.0004,0.358,0.435,hash,0.592,0.554,195654
bcsstk15,3948,Y,0.3906,0.51,0.332,hash,0.432,0.685,527688
bcsstk16,4884,Y,0.6189,1.519,0.469,hash,0.787,1.458,1038782
bcsstk17,10974,Y,0.1825,1.525,0.613,hash,0.694,1.674,1406936
bcsstk18,11948,Y,0.0564,0.612,0.428,hash,0.447,1.242,713208
bcsstk19,817,Y,0.5745,0.113,0.111,merge3,0.342,0.248,18305
bcsstk20,485,Y,0.7695,0.104,0.105,merge3,0.205,0.312,5545
bcsstk21,3600,Y,0.1165,0.15,0.169,merge3,0.229,0.434,93072
bcsstk22,138,Y,2.1897,0.091,0.09,merge3,0.201,0.3,1552
bcsstk23,3134,Y,0.2459,0.251,0.251,merge3,0.363,0.525,220632
bcsstk24,3562,Y,0.6442,0.532,0.342,hash,0.595,0.922,446474
bcsstk25,15439,Y,0.0561,0.907,0.474,hash,0.449,1.569,1168919
bcsstk26,1922,Y,0.4366,0.184,0.185,merge3,0.376,0.584,92530
bcsstk27,1224,Y,1.914,0.339,0.405,hash,0.497,0.673,138106
bcsstk28,4410,Y,0.5744,0.83,0.456,hash,0.742,1.793,596072
bcsstk29,13992,Y,0.1618,1.758,0.761,hash,0.967,1.722,1965686
bcsstk30,28924,Y,0.1239,15.791,2.485,hash,2.365,4.742,8946070
bcsstk31,35588,Y,0.048,4.074,1.171,hash,1.249,2.738,4713580
bcsstk32,44609,Y,0.0517,6.857,1.741,hash,1.736,3.736,6819653
bcsstk33,8738,Y,0.3933,3.639,0.832,hash,1.59,1.917,2569536
bcsstm01,48,Y,2.0833,0.096,0.072,merge3,0.167,0.278,48
bcsstm02,66,Y,1.5152,0.075,0.081,merge3,0.153,0.283,66
bcsstm03,112,Y,0.8929,0.078,0.078,merge3,0.171,0.216,112
bcsstm04,132,Y,0.7576,0.071,0.072,merge3,0.171,0.286,132
bcsstm05,153,Y,0.6536,0.07,0.083,merge3,0.172,0.269,153
bcsstm06,420,Y,0.2381,0.093,0.079,merge3,0.178,0.284,420
bcsstm07,420,Y,2.1746,0.127,0.126,merge3,0.391,0.336,22972
bcsstm08,1074,Y,0.0931,0.092,0.085,merge3,0.161,0.298,1074
bcsstm09,1083,Y,0.0923,0.085,0.085,merge3,0.157,0.31,1083
bcsstm10,1086,Y,0.9826,0.168,0.17,merge3,0.5,0.372,54504
bcsstm11,1473,Y,0.0679,0.091,0.085,merge3,0.172,0.293,1473
bcsstm12,1473,Y,0.487,0.145,0.147,merge3,0.368,0.338,53615
bcsstm13,2003,Y,0.2984,0.327,0.349,hash,0.423,0.556,90811
bcsstm19,817,Y,0.1224,0.069,0.08,merge3,0.171,0.287,817
bcsstm20,485,Y,0.2062,0.089,0.083,merge3,0.172,0.291,485
bcsstm21,3600,Y,0.0278,0.098,0.1,merge3,0.171,0.481,3600
bcsstm22,138,Y,0.7246,0.09,0.075,merge3,0.162,0.278,138
bcsstm23,3134,Y,0.0319,0.094,0.093,merge3,0.174,0.471,3134
bcsstm24,3562,Y,0.0281,0.094,0.114,merge3,0.18,0.469,3562
bcsstm25,15439,Y,0.0065,0.18,0.181,merge3,0.191,0.479,15439
bcsstm26,1922,Y,0.052,0.087,0.083,merge3,0.166,0.294,1922
bcsstm27,1224,Y,1.914,0.335,0.407,hash,0.551,0.672,138106
blckhole,2132,Y,0.187,0.154,0.158,merge3,0.228,0.476,41546
bp_0,822,N,0.4848,0.54,0.298,hash,0.245,0.438,9384
bp_1000,822,N,0.6898,0.607,0.369,hash,0.26,0.486,21373
bp_1200,822,N,0.6994,0.605,0.369,hash,0.284,0.478,22313
bp_1400,822,N,0.7089,0.6,0.366,hash,0.266,0.791,23154
bp_1600,822,N,0.7165,0.612,0.362,hash,0.266,0.483,23625
bp_200,822,N,0.5627,0.559,0.337,hash,0.258,0.475,13197
bp_400,822,N,0.5961,0.613,0.344,hash,0.261,0.464,15238
bp_600,822,N,0.6174,0.605,0.342,hash,0.233,0.455,16464
bp_800,822,N,0.671,0.618,0.325,hash,0.253,0.543,20224
can_1054,1054,Y,0.5964,0.154,0.151,merge3,0.363,0.337,60248
can_1072,1072,Y,0.5881,0.163,0.166,merge3,0.371,0.34,62316
can_144,144,Y,3.4722,0.098,0.098,merge3,0.329,0.364,3456
can_161,161,Y,2.9667,0.102,0.13,merge3,0.303,0.299,3761
can_187,187,Y,2.3993,0.092,0.09,merge3,0.299,0.284,3719
can_229,229,Y,1.9126,0.129,0.12,merge3,0.322,0.293,5017
can_24,24,Y,15.9722,0.079,0.082,merge3,0.187,0.218,336
can_256,256,Y,2.42,0.169,0.197,merge3,0.328,0.351,18568
can_268,268,Y,2.3321,0.15,0.134,merge3,0.308,0.34,15590
can_292,292,Y,1.6607,0.106,0.123,merge3,0.313,0.318,11670
can_445,445,Y,1.0741,0.113,0.107,merge3,0.342,0.312,11193
can_61,61,Y,8.3042,0.097,0.099,merge3,0.324,0.296,1793
can_62,62,Y,3.642,0.081,0.085,merge3,0.198,0.217,482
can_634,634,Y,0.978,0.125,0.124,merge3,0.342,0.312,25446
can_715,715,Y,0.7218,0.344,0.258,hash,0.349,0.359,39785
can_73,73,Y,4.2222,0.088,0.094,merge3,0.203,0.304,1377
can_838,838,Y,0.7724,0.132,0.13,merge3,0.361,0.336,51156
can_96,96,Y,4.6875,0.094,0.087,merge3,0.321,0.282,1920
