matrix,n,density_pct,A_nnz,A_nnz_actual,max_row_nnz,avg_row_nnz,skew,C_nnz_flop,merge3_ms,hash_ms,ratio,hash_wins
1138_bus,1138,0.4009,5192,4054.0,18,3,5.052787370498273,23687,0.111,0.19899999999999998,1.7927927927927927,0
494_bus,494,0.8851,2160,1666.0,10,3,2.965186074429772,9444,0.109,0.174,1.5963302752293578,0
662_bus,662,0.7156,3136,2474.0,10,3,2.675828617623282,14855,0.113,0.181,1.6017699115044246,0
685_bus,685,0.8384,3934,3249.0,13,4,2.7408433364112037,22593,0.121,0.18899999999999997,1.56198347107438,0
arc130,130,7.5858,1282,1282.0,124,9,12.574102964118564,12642,0.165,0.209,1.2666666666666666,0
ash292,292,2.9321,2500,2208.0,14,7,1.8514492753623188,21404,0.103,0.173,1.6796116504854368,0
ash85,85,8.4152,608,523.0,10,6,1.6252390057361377,4348,0.092,0.17099999999999999,1.8586956521739129,0
bcspwr01,39,11.1769,170,131.0,6,3,1.7862595419847327,741,0.085,0.16199999999999998,1.9058823529411761,0
bcspwr02,49,8.9963,216,167.0,7,3,2.053892215568862,952,0.087,0.15599999999999997,1.7931034482758619,0
bcspwr03,118,4.266,594,476.0,10,4,2.4789915966386555,2990,0.103,0.177,1.7184466019417475,0
bcspwr04,274,2.5121,1886,1612.0,16,5,2.7196029776674937,12981,0.102,0.19999999999999998,1.9607843137254901,0
bcspwr05,443,1.0527,2066,1623.0,10,3,2.729513247073321,9635,0.087,0.176,2.0229885057471266,0
bcspwr06,1454,0.3195,6754,5300.0,13,3,3.5664150943396224,31373,0.124,0.206,1.661290322580645,0
bcspwr07,1612,0.2862,7436,5824.0,13,3,3.598214285714286,34301,0.127,0.19999999999999998,1.574803149606299,0
bcspwr08,1624,0.291,7674,6050.0,14,3,3.7580165289256198,36262,0.131,0.25699999999999995,1.961832061068702,0
bcspwr09,1723,0.2774,8234,6511.0,15,3,3.96943633850407,39349,0.109,0.21399999999999997,1.9633027522935778,0
bcspwr10,5300,0.0966,27142,21842.0,14,4,3.3971248054207486,138997,0.158,0.228,1.4430379746835444,0
bcsstk01,48,19.4444,448,400.0,12,8,1.44,4181,0.088,0.204,2.3181818181818183,0
bcsstk02,66,101.5152,4422,4356.0,66,66,1.0,296274,0.107,0.21799999999999997,2.037383177570093,0
bcsstk03,112,5.9949,752,640.0,6,5,1.05,5049,0.085,0.16499999999999998,1.9411764705882348,0
bcsstk04,132,21.6942,3780,3648.0,46,27,1.6644736842105263,108245,0.142,0.182,1.2816901408450705,0
bcsstk05,153,11.0043,2576,2423.0,24,15,1.515476681799422,43371,0.121,0.16799999999999998,1.3884297520661155,0
bcsstk06,420,4.6939,8280,7860.0,28,18,1.49618320610687,163234,0.132,0.20299999999999999,1.5378787878787876,0
bcsstk07,420,4.6939,8280,7860.0,28,18,1.49618320610687,163234,0.129,0.18499999999999997,1.4341085271317826,0
bcsstk08,1074,1.2167,14034,12960.0,339,12,28.093055555555555,183382,0.912,0.46699999999999997,0.5120614035087718,1
bcsstk09,1083,1.6643,19520,18437.0,23,17,1.3510332483592777,351828,0.156,0.18500000000000003,1.1858974358974361,0
bcsstk10,1086,1.9634,23156,22070.0,27,20,1.3285908473040327,493738,0.162,0.196,1.2098765432098766,0
bcsstk11,1473,1.646,35714,34241.0,33,23,1.41961391314506,865912,0.181,0.203,1.121546961325967,0
bcsstk12,1473,1.646,35714,34241.0,33,23,1.41961391314506,865912,0.184,0.195,1.0597826086956523,0
bcsstk13,2003,2.1407,85886,83883.0,95,41,2.268457255939821,3682678,0.755,0.646,0.8556291390728477,1
bcsstk14,1806,2.0008,65260,63454.0,48,35,1.3661550099284523,2358176,0.342,0.36600000000000005,1.0701754385964912,0
bcsstk15,3948,0.7812,121764,117816.0,44,29,1.4744347117539214,3755438,0.504,0.271,0.5376984126984128,1
bcsstk16,4884,1.2378,295262,290378.0,81,59,1.362375937571028,17850050,1.556,0.465,0.29884318766066836,1
bcsstk17,10974,0.365,439624,428650.0,150,39,3.8401959640732533,17611560,1.541,0.5720000000000001,0.37118754055807923,1
bcsstk18,11948,0.1128,161038,149090.0,49,12,3.9268361392447515,2170508,0.606,0.3739999999999999,0.617161716171617,1
bcsstk19,817,1.1491,7670,6853.0,11,8,1.3113964686998394,72005,0.102,0.18599999999999997,1.8235294117647056,0
bcsstk20,485,1.539,3620,3135.0,11,6,1.7017543859649122,27019,0.096,0.183,1.90625,0
bcsstk21,3600,0.233,30200,26600.0,9,7,1.218045112781955,253344,0.155,0.2,1.2903225806451615,0
bcsstk22,138,4.3793,834,696.0,8,5,1.586206896551724,5040,0.091,0.16999999999999998,1.868131868131868,0
bcsstk23,3134,0.4919,48312,45178.0,31,14,2.1504714684138295,744750,0.249,0.25799999999999995,1.0361445783132528,0
bcsstk24,3562,1.2884,163472,159910.0,57,44,1.269676693139891,7502272,0.534,0.29800000000000004,0.5580524344569289,1
bcsstk25,15439,0.1123,267680,252241.0,59,16,3.611232908210798,4641011,0.93,0.4200000000000001,0.45161290322580655,1
bcsstk26,1922,0.8732,32258,30336.0,33,15,2.0907832278481013,541404,0.168,0.21200000000000002,1.2619047619047619,0
bcsstk27,1224,3.828,57350,56126.0,54,45,1.1776360332109896,2687109,0.338,0.355,1.0502958579881656,0
bcsstk28,4410,1.1489,223434,219024.0,94,49,1.8926692965154504,11320352,0.811,0.389,0.4796547472256473,1
bcsstk29,13992,0.3236,633480,619488.0,71,44,1.6036339686967302,28680453,1.749,0.699,0.3996569468267581,1
bcsstk30,28924,0.2477,2072416,2043492.0,219,70,3.0997703930331024,148489423,15.697,2.4939999999999993,0.15888386315856529,1
bcsstk31,35588,0.0961,1217004,1181416.0,189,33,5.693279928492588,41617925,4.109,1.1919999999999997,0.2900949136042832,1
bcsstk32,44609,0.1035,2059310,2014701.0,216,45,4.782617371014359,95065069,6.856,1.7649999999999997,0.25743873978996495,1
bcsstk33,8738,0.7867,600642,591904.0,141,67,2.0815165972860465,41287572,3.662,0.8079999999999999,0.2206444565811032,1
bcsstm01,48,4.1667,96,48.0,1,1,1.0,192,0.076,0.13599999999999998,1.789473684210526,0
bcsstm02,66,3.0303,132,66.0,1,1,1.0,264,0.102,0.16199999999999998,1.588235294117647,0
bcsstm03,112,1.7857,224,112.0,1,1,1.0,448,0.085,0.148,1.741176470588235,0
bcsstm04,132,1.5152,264,132.0,1,1,1.0,528,0.082,0.13799999999999998,1.6829268292682924,0
bcsstm05,153,1.3072,306,153.0,1,1,1.0,612,0.104,0.145,1.3942307692307692,0
bcsstm06,420,0.4762,840,420.0,1,1,1.0,1680,0.081,0.146,1.802469135802469,0
bcsstm07,420,4.3492,7672,7252.0,26,17,1.505791505791506,140141,0.127,0.19199999999999998,1.511811023622047,0
bcsstm08,1074,0.1862,2148,1074.0,1,1,1.0,4296,0.086,0.16399999999999998,1.9069767441860463,0
bcsstm09,1083,0.1847,2166,1083.0,1,1,1.0,4332,0.085,0.153,1.7999999999999998,0
bcsstm10,1086,1.9652,23178,22092.0,27,20,1.3272677892449756,494677,0.164,0.18100000000000002,1.103658536585366,0
bcsstm11,1473,0.1358,2946,1473.0,1,1,1.0,5892,0.084,0.177,2.1071428571428568,0
bcsstm12,1473,0.9739,21132,19659.0,22,13,1.6484053105447887,303164,0.15,0.19300000000000003,1.2866666666666668,0
bcsstm13,2003,0.5969,23946,21943.0,70,10,6.389737045982773,286276,0.334,0.30699999999999994,0.9191616766467063,1
bcsstm19,817,0.2448,1634,817.0,1,1,1.0,3268,0.09,0.148,1.6444444444444444,0
bcsstm20,485,0.4124,970,485.0,1,1,1.0,1940,0.103,0.147,1.4271844660194175,0
bcsstm21,3600,0.0556,7200,3600.0,1,1,1.0,14400,0.1,0.18999999999999997,1.8999999999999997,0
bcsstm22,138,1.4493,276,138.0,1,1,1.0,552,0.087,0.148,1.7011494252873565,0
bcsstm23,3134,0.0638,6268,3134.0,1,1,1.0,12536,0.105,0.16799999999999998,1.5999999999999999,0
bcsstm24,3562,0.0561,7124,3562.0,1,1,1.0,14248,0.099,0.16899999999999998,1.7070707070707067,0
bcsstm25,15439,0.013,30878,15439.0,1,1,1.0,61756,0.189,0.26799999999999996,1.4179894179894177,0
bcsstm26,1922,0.1041,3844,1922.0,1,1,1.0,7688,0.09,0.16499999999999998,1.8333333333333333,0
bcsstm27,1224,3.828,57350,56126.0,54,45,1.1776360332109896,2687109,0.345,0.357,1.0347826086956522,0
blckhole,2132,0.3741,17004,14872.0,20,6,2.867132867132867,135617,0.153,0.215,1.4052287581699348,0
bp_0,822,0.4848,3276,3276.0,266,3,66.74358974358975,13056,0.542,0.27499999999999997,0.5073800738007379,1
bp_1000,822,0.6898,4661,4661.0,308,5,54.31795751984553,26429,0.626,0.32299999999999995,0.5159744408945686,1
bp_1200,822,0.6994,4726,4726.0,311,5,54.09267879813795,27171,0.608,0.32399999999999995,0.5328947368421052,1
bp_1400,822,0.7089,4790,4790.0,311,5,53.36993736951983,27912,0.594,0.32799999999999996,0.5521885521885521,1
bp_1600,822,0.7165,4841,4841.0,304,5,51.619086965502994,28510,0.592,0.33099999999999996,0.5591216216216216,1
bp_200,822,0.5627,3802,3802.0,283,4,61.18516570226196,17585,0.567,0.27999999999999997,0.49382716049382713,1
bp_400,822,0.5961,4028,4028.0,295,4,60.201092353525326,19738,0.618,0.306,0.49514563106796117,1
bp_600,822,0.6174,4172,4172.0,302,5,59.50239693192714,21174,0.627,0.299,0.4768740031897926,1
bp_800,822,0.671,4534,4534.0,304,5,55.114247904719896,25008,0.632,0.309,0.4889240506329114,1
can_1054,1054,1.1927,13250,12196.0,35,11,3.0247622171203674,166567,0.156,0.191,1.2243589743589745,0
can_1072,1072,1.1761,13516,12444.0,35,11,3.0151076824172294,170412,0.162,0.207,1.2777777777777777,0
can_144,144,6.9444,1440,1296.0,15,9,1.6666666666666667,14400,0.1,0.16599999999999998,1.6599999999999997,0
can_161,161,5.9334,1538,1377.0,17,8,1.9876543209876543,14692,0.104,0.16499999999999998,1.5865384615384615,0
can_187,187,4.7985,1678,1491.0,10,7,1.2541918175720992,15057,0.09,0.175,1.9444444444444444,0
can_229,229,3.8253,2006,1777.0,13,7,1.6752954417557682,17572,0.125,0.206,1.648,0
can_24,24,31.9444,184,160.0,9,6,1.3499999999999999,1410,0.08,0.16999999999999998,2.1249999999999996,0
can_256,256,4.8401,3172,2916.0,83,11,7.286694101508917,39303,0.19,0.23199999999999998,1.2210526315789472,0
can_268,268,4.6642,3350,3082.0,37,11,3.217391304347826,41875,0.131,0.174,1.32824427480916,0
can_292,292,3.3214,2832,2540.0,35,8,4.0236220472440944,27466,0.123,0.183,1.4878048780487805,0
can_445,445,2.1482,4254,3809.0,13,8,1.5187713310580204,40666,0.107,0.16299999999999998,1.5233644859813082,0
can_61,61,16.6084,618,557.0,25,9,2.7378815080789947,6261,0.091,0.16999999999999998,1.868131868131868,0
can_62,62,7.2841,280,218.0,7,3,1.9908256880733946,1264,0.1,0.16699999999999998,1.6699999999999997,0
can_634,634,1.9559,7862,7228.0,28,11,2.4560044272274486,97493,0.13,0.196,1.5076923076923077,0
can_715,715,1.4436,7380,6665.0,105,9,11.264066016504126,76173,0.344,0.215,0.625,1
can_73,73,8.4444,450,377.0,9,5,1.7427055702917773,2773,0.092,0.16999999999999998,1.8478260869565215,0
can_838,838,1.5448,10848,10010.0,32,11,2.678921078921079,140428,0.136,0.178,1.3088235294117645,0
can_96,96,9.375,864,768.0,9,8,1.125,7776,0.102,0.13999999999999999,1.3725490196078431,0
