matrix,n,density_pct,A_nnz,C_nnz_flop,merge3_ms,hash_ms,ratio
1138_bus,1138,0.4009,5192,23687.929701230227,0.111,0.19899999999999998,1.7927927927927927
494_bus,494,0.8851,2160,9444.534412955465,0.109,0.174,1.5963302752293578
662_bus,662,0.7156,3136,14855.73413897281,0.113,0.181,1.6017699115044246
685_bus,685,0.8384,3934,22593.220437956203,0.121,0.18899999999999997,1.56198347107438
arc130,130,7.5858,1282,12642.492307692308,0.165,0.209,1.2666666666666666
ash292,292,2.9321,2500,21404.109589041094,0.103,0.173,1.6796116504854368
ash85,85,8.4152,608,4348.988235294118,0.092,0.17099999999999999,1.8586956521739129
bcspwr01,39,11.1769,170,741.025641025641,0.085,0.16199999999999998,1.9058823529411761
bcspwr02,49,8.9963,216,952.1632653061224,0.087,0.15599999999999997,1.7931034482758619
bcspwr03,118,4.266,594,2990.135593220339,0.103,0.177,1.7184466019417475
bcspwr04,274,2.5121,1886,12981.737226277372,0.102,0.19999999999999998,1.9607843137254901
bcspwr05,443,1.0527,2066,9635.115124153499,0.087,0.176,2.0229885057471266
bcspwr06,1454,0.3195,6754,31373.119669876203,0.124,0.206,1.661290322580645
bcspwr07,1612,0.2862,7436,34301.54838709677,0.127,0.19999999999999998,1.574803149606299
bcspwr08,1624,0.291,7674,36262.48522167488,0.131,0.25699999999999995,1.961832061068702
bcspwr09,1723,0.2774,8234,39349.24898432966,0.109,0.21399999999999997,1.9633027522935778
bcspwr10,5300,0.0966,27142,138997.76679245284,0.158,0.228,1.4430379746835444
bcsstk01,48,19.4444,448,4181.333333333333,0.088,0.204,2.3181818181818183
bcsstk02,66,101.5152,4422,296274.0,0.107,0.21799999999999997,2.037383177570093
bcsstk03,112,5.9949,752,5049.142857142857,0.085,0.16499999999999998,1.9411764705882348
bcsstk04,132,21.6942,3780,108245.45454545454,0.142,0.182,1.2816901408450705
bcsstk05,153,11.0043,2576,43371.08496732026,0.121,0.16799999999999998,1.3884297520661155
bcsstk06,420,4.6939,8280,163234.2857142857,0.132,0.20299999999999999,1.5378787878787876
bcsstk07,420,4.6939,8280,163234.2857142857,0.129,0.18499999999999997,1.4341085271317826
bcsstk08,1074,1.2167,14034,183382.82681564245,0.912,0.46699999999999997,0.5120614035087718
bcsstk09,1083,1.6643,19520,351828.6241920591,0.156,0.18500000000000003,1.1858974358974361
bcsstk10,1086,1.9634,23156,493738.7992633518,0.162,0.196,1.2098765432098766
bcsstk11,1473,1.646,35714,865912.9640190088,0.181,0.203,1.121546961325967
bcsstk12,1473,1.646,35714,865912.9640190088,0.184,0.195,1.0597826086956523
bcsstk13,2003,2.1407,85886,3682678.4802795807,0.755,0.646,0.8556291390728477
bcsstk14,1806,2.0008,65260,2358176.965669989,0.342,0.36600000000000005,1.0701754385964912
bcsstk15,3948,0.7812,121764,3755438.6261398178,0.504,0.271,0.5376984126984128
bcsstk16,4884,1.2378,295262,17850050.90990991,1.556,0.465,0.29884318766066836
bcsstk17,10974,0.365,439624,17611560.176416986,1.541,0.5720000000000001,0.37118754055807923
bcsstk18,11948,0.1128,161038,2170508.6578506865,0.606,0.3739999999999999,0.617161716171617
bcsstk19,817,1.1491,7670,72005.99755201959,0.102,0.18599999999999997,1.8235294117647056
bcsstk20,485,1.539,3620,27019.381443298967,0.096,0.183,1.90625
bcsstk21,3600,0.233,30200,253344.44444444444,0.155,0.2,1.2903225806451615
bcsstk22,138,4.3793,834,5040.260869565217,0.091,0.16999999999999998,1.868131868131868
bcsstk23,3134,0.4919,48312,744750.9074664965,0.249,0.25799999999999995,1.0361445783132528
bcsstk24,3562,1.2884,163472,7502272.539023021,0.534,0.29800000000000004,0.5580524344569289
bcsstk25,15439,0.1123,267680,4641011.879007707,0.93,0.4200000000000001,0.45161290322580655
bcsstk26,1922,0.8732,32258,541404.0395421436,0.168,0.21200000000000002,1.2619047619047619
bcsstk27,1224,3.828,57350,2687109.885620915,0.338,0.355,1.0502958579881656
bcsstk28,4410,1.1489,223434,11320352.008163266,0.811,0.389,0.4796547472256473
bcsstk29,13992,0.3236,633480,28680453.8593482,1.749,0.699,0.3996569468267581
bcsstk30,28924,0.2477,2072416,148489423.21449316,15.697,2.4939999999999993,0.15888386315856529
bcsstk31,35588,0.0961,1217004,41617925.593346074,4.109,1.1919999999999997,0.2900949136042832
bcsstk32,44609,0.1035,2059310,95065069.29319195,6.856,1.7649999999999997,0.25743873978996495
bcsstk33,8738,0.7867,600642,41287572.91874571,3.662,0.8079999999999999,0.2206444565811032
bcsstm01,48,4.1667,96,192.0,0.076,0.13599999999999998,1.789473684210526
bcsstm02,66,3.0303,132,264.0,0.102,0.16199999999999998,1.588235294117647
bcsstm03,112,1.7857,224,448.0,0.085,0.148,1.741176470588235
bcsstm04,132,1.5152,264,528.0,0.082,0.13799999999999998,1.6829268292682924
bcsstm05,153,1.3072,306,612.0,0.104,0.145,1.3942307692307692
bcsstm06,420,0.4762,840,1680.0,0.081,0.146,1.802469135802469
bcsstm07,420,4.3492,7672,140141.86666666667,0.127,0.19199999999999998,1.511811023622047
bcsstm08,1074,0.1862,2148,4296.0,0.086,0.16399999999999998,1.9069767441860463
bcsstm09,1083,0.1847,2166,4332.0,0.085,0.153,1.7999999999999998
bcsstm10,1086,1.9652,23178,494677.42541436467,0.164,0.18100000000000002,1.103658536585366
bcsstm11,1473,0.1358,2946,5892.0,0.084,0.177,2.1071428571428568
bcsstm12,1473,0.9739,21132,303164.5784114053,0.15,0.19300000000000003,1.2866666666666668
bcsstm13,2003,0.5969,23946,286276.04393409885,0.334,0.30699999999999994,0.9191616766467063
bcsstm19,817,0.2448,1634,3268.0,0.09,0.148,1.6444444444444444
bcsstm20,485,0.4124,970,1940.0,0.103,0.147,1.4271844660194175
bcsstm21,3600,0.0556,7200,14400.0,0.1,0.18999999999999997,1.8999999999999997
bcsstm22,138,1.4493,276,552.0,0.087,0.148,1.7011494252873565
bcsstm23,3134,0.0638,6268,12536.0,0.105,0.16799999999999998,1.5999999999999999
bcsstm24,3562,0.0561,7124,14248.0,0.099,0.16899999999999998,1.7070707070707067
bcsstm25,15439,0.013,30878,61756.0,0.189,0.26799999999999996,1.4179894179894177
bcsstm26,1922,0.1041,3844,7688.0,0.09,0.16499999999999998,1.8333333333333333
bcsstm27,1224,3.828,57350,2687109.885620915,0.345,0.357,1.0347826086956522
blckhole,2132,0.3741,17004,135617.26829268291,0.153,0.215,1.4052287581699348
bp_0,822,0.4848,3276,13056.175182481751,0.542,0.27499999999999997,0.5073800738007379
bp_1000,822,0.6898,4661,26429.344282238442,0.626,0.32299999999999995,0.5159744408945686
bp_1200,822,0.6994,4726,27171.625304136254,0.608,0.32399999999999995,0.5328947368421052
bp_1400,822,0.7089,4790,27912.530413625303,0.594,0.32799999999999996,0.5521885521885521
bp_1600,822,0.7165,4841,28510.07420924574,0.592,0.33099999999999996,0.5591216216216216
bp_200,822,0.5627,3802,17585.406326034063,0.567,0.27999999999999997,0.49382716049382713
bp_400,822,0.5961,4028,19738.1800486618,0.618,0.306,0.49514563106796117
bp_600,822,0.6174,4172,21174.676399026765,0.627,0.299,0.4768740031897926
bp_800,822,0.671,4534,25008.705596107055,0.632,0.309,0.4889240506329114
can_1054,1054,1.1927,13250,166567.8368121442,0.156,0.191,1.2243589743589745
can_1072,1072,1.1761,13516,170412.55223880598,0.162,0.207,1.2777777777777777
can_144,144,6.9444,1440,14400.0,0.1,0.16599999999999998,1.6599999999999997
can_161,161,5.9334,1538,14692.198757763976,0.104,0.16499999999999998,1.5865384615384615
can_187,187,4.7985,1678,15057.133689839573,0.09,0.175,1.9444444444444444
can_229,229,3.8253,2006,17572.2096069869,0.125,0.206,1.648
can_24,24,31.9444,184,1410.6666666666667,0.08,0.16999999999999998,2.1249999999999996
can_256,256,4.8401,3172,39303.0625,0.19,0.23199999999999998,1.2210526315789472
can_268,268,4.6642,3350,41875.0,0.131,0.174,1.32824427480916
can_292,292,3.3214,2832,27466.520547945205,0.123,0.183,1.4878048780487805
can_445,445,2.1482,4254,40666.32808988764,0.107,0.16299999999999998,1.5233644859813082
can_61,61,16.6084,618,6261.049180327869,0.091,0.16999999999999998,1.868131868131868
can_62,62,7.2841,280,1264.516129032258,0.1,0.16699999999999998,1.6699999999999997
can_634,634,1.9559,7862,97493.76025236593,0.13,0.196,1.5076923076923077
can_715,715,1.4436,7380,76173.98601398601,0.344,0.215,0.625
can_73,73,8.4444,450,2773.972602739726,0.092,0.16999999999999998,1.8478260869565215
can_838,838,1.5448,10848,140428.52505966587,0.136,0.178,1.3088235294117645
can_96,96,9.375,864,7776.0,0.102,0.13999999999999999,1.3725490196078431
