matrix,n,maxrow,skew,flop,hash_ms,merge3_ms,winner
1138_bus,1138,18,5.053,14442,0.253,0.158,merge3
494_bus,494,10,2.965,5619,0.205,0.117,merge3
662_bus,662,10,2.676,9246,0.216,0.149,merge3
685_bus,685,13,2.741,15410,0.223,0.133,merge3
arc130,130,124,12.574,12642,0.269,0.173,merge3
ash292,292,14,1.851,16696,0.199,0.133,merge3
ash85,85,10,1.625,3218,0.193,0.113,merge3
bcspwr01,39,6,1.786,440,0.182,0.126,merge3
bcspwr02,49,7,2.054,569,0.213,0.114,merge3
bcspwr03,118,10,2.479,1920,0.203,0.122,merge3
bcspwr04,274,16,2.72,9484,0.235,0.143,merge3
bcspwr05,443,10,2.73,5946,0.198,0.122,merge3
bcspwr06,1454,13,3.566,19319,0.229,0.153,merge3
bcspwr07,1612,13,3.598,21042,0.233,0.151,merge3
bcspwr08,1624,14,3.758,22538,0.243,0.164,merge3
bcspwr09,1723,15,3.969,24604,0.243,0.141,merge3
bcspwr10,5300,14,3.397,90014,0.311,0.209,merge3
bcsstk01,48,12,1.44,3333,0.212,0.117,merge3
bcsstk02,66,66,1.0,287496,0.26,0.138,merge3
bcsstk03,112,6,1.05,3657,0.18,0.118,merge3
bcsstk04,132,46,1.664,100817,0.21,0.155,merge3
bcsstk05,153,24,1.515,38372,0.189,0.126,merge3
bcsstk06,420,28,1.496,147094,0.22,0.165,merge3
bcsstk07,420,28,1.496,147094,0.238,0.158,merge3
bcsstk08,1074,339,28.093,156389,0.562,0.86,hash
bcsstk09,1083,23,1.351,313872,0.206,0.175,merge3
bcsstk10,1086,27,1.329,448513,0.23,0.196,merge3
bcsstk11,1473,33,1.42,795958,0.242,0.22,merge3
bcsstk12,1473,33,1.42,795958,0.224,0.196,merge3
bcsstk13,2003,95,2.268,3512909,0.832,0.611,merge3
bcsstk14,1806,48,1.366,2229463,8.494,0.32,merge3
bcsstk15,3948,44,1.474,3515859,0.331,0.454,hash
bcsstk16,4884,81,1.362,17264411,0.527,1.187,hash
bcsstk17,10974,150,3.84,16743286,0.608,1.207,hash
bcsstk18,11948,49,3.927,1860381,0.43,0.546,hash
bcsstk19,817,11,1.311,57483,0.206,0.14,merge3
bcsstk20,485,11,1.702,20264,0.21,0.162,merge3
bcsstk21,3600,9,1.218,196544,0.237,0.17,merge3
bcsstk22,138,8,1.586,3510,0.185,0.11,merge3
bcsstk23,3134,31,2.15,651261,0.293,0.249,merge3
bcsstk24,3562,57,1.27,7178891,0.361,0.469,hash
bcsstk25,15439,59,3.611,4121091,0.427,0.758,hash
bcsstk26,1922,33,2.091,478810,0.244,0.195,merge3
bcsstk27,1224,54,1.178,2573634,0.482,0.335,merge3
bcsstk28,4410,94,1.893,10877894,0.427,0.629,hash
bcsstk29,13992,71,1.604,27427486,0.775,1.431,hash
bcsstk30,28924,219,3.1,144373515,3.267,11.285,hash
bcsstk31,35588,189,5.693,39219506,1.29,3.145,hash
bcsstk32,44609,216,4.783,90991058,2.094,5.663,hash
bcsstk33,8738,141,2.082,40095027,1.082,2.753,hash
bcsstm01,48,1,1.0,48,0.201,0.103,merge3
bcsstm02,66,1,1.0,66,0.154,0.109,merge3
bcsstm03,112,1,1.0,112,0.162,0.123,merge3
bcsstm04,132,1,1.0,132,0.151,0.103,merge3
bcsstm05,153,1,1.0,153,0.166,0.106,merge3
bcsstm06,420,1,1.0,420,0.176,0.104,merge3
bcsstm07,420,26,1.506,125218,0.224,0.757,hash
bcsstm08,1074,1,1.0,1074,0.187,0.093,merge3
bcsstm09,1083,1,1.0,1083,0.168,2.266,hash
bcsstm10,1086,27,1.327,449407,0.21,0.185,merge3
bcsstm11,1473,1,1.0,1473,0.17,0.136,merge3
bcsstm12,1473,22,1.648,262374,0.226,0.167,merge3
bcsstm13,2003,70,6.39,240387,0.345,0.31,merge3
bcsstm19,817,1,1.0,817,0.17,0.116,merge3
bcsstm20,485,1,1.0,485,0.186,0.095,merge3
bcsstm21,3600,1,1.0,3600,0.231,0.153,merge3
bcsstm22,138,1,1.0,138,0.184,0.107,merge3
bcsstm23,3134,1,1.0,3134,0.19,0.146,merge3
bcsstm24,3562,1,1.0,3562,0.205,0.152,merge3
bcsstm25,15439,1,1.0,15439,0.292,0.256,merge3
bcsstm26,1922,1,1.0,1922,0.239,0.14,merge3
bcsstm27,1224,54,1.178,2573634,0.469,0.325,merge3
blckhole,2132,20,2.867,103741,0.263,0.204,merge3
bp_0,822,266,66.744,13056,0.314,0.431,hash
bp_1000,822,308,54.318,26429,0.385,0.424,hash
bp_1200,822,311,54.093,27172,0.392,0.439,hash
bp_1400,822,311,53.37,27913,0.418,0.45,hash
bp_1600,822,304,51.619,28510,0.393,0.452,hash
bp_200,822,283,61.185,17585,0.362,0.455,hash
bp_400,822,295,60.201,19738,0.36,0.479,hash
bp_600,822,302,59.502,21175,0.376,0.44,hash
bp_800,822,304,55.114,25009,0.392,0.465,hash
can_1054,1054,35,3.025,141122,0.27,0.185,merge3
can_1072,1072,35,3.015,144453,0.237,0.184,merge3
can_144,144,15,1.667,11664,0.449,0.111,merge3
can_161,161,17,1.988,11777,0.191,0.143,merge3
can_187,187,10,1.254,11888,0.211,0.126,merge3
can_229,229,13,1.675,13789,0.232,0.142,merge3
can_24,24,9,1.35,1067,0.702,0.124,merge3
can_256,256,83,7.287,33215,0.265,0.177,merge3
can_268,268,37,3.217,35443,0.212,0.156,merge3
can_292,292,35,4.024,22095,0.225,0.133,merge3
can_445,445,13,1.519,32603,0.196,0.844,hash
can_61,61,25,2.738,5086,0.208,0.158,merge3
can_62,62,7,1.991,767,0.197,0.123,merge3
can_634,634,28,2.456,82404,0.242,0.151,merge3
can_715,715,105,11.264,62129,0.275,0.307,hash
can_73,73,9,1.743,1947,0.417,0.262,merge3
can_838,838,32,2.679,119571,0.225,0.157,merge3
can_96,96,9,1.125,6144,0.187,0.133,merge3
