matrix,n,sym,cu,serial,merge3,Auto,Ocean,HSMU,cnnz
1138_bus,1138,Y,0.978,0.916,0.504,0.425,0.228,0.354,11142
494_bus,494,Y,0.58,0.919,0.388,0.706,0.232,0.327,4062
662_bus,662,Y,0.56,0.65,0.71,0.691,0.227,0.338,6480
685_bus,685,Y,0.587,0.535,0.49,0.396,0.221,0.359,9337
arc130,130,N,0.638,2.421,0.637,0.743,0.393,0.458,15631
ash292,292,Y,1.029,0.764,0.647,0.602,0.237,0.348,6042
ash85,85,Y,0.901,0.817,0.386,0.672,0.223,0.332,1317
bcspwr01,39,Y,0.914,0.488,0.365,0.684,0.2,0.321,275
bcspwr02,49,Y,0.803,0.512,0.376,0.376,0.206,0.323,403
bcspwr03,118,Y,0.928,0.531,0.398,0.675,0.213,0.34,1270
bcspwr04,274,Y,0.6,0.878,0.659,0.652,0.226,0.333,4982
bcspwr05,443,Y,0.507,0.875,0.423,0.67,0.22,0.327,4249
bcspwr06,1454,Y,0.735,0.591,0.437,0.695,0.229,0.361,14110
bcspwr07,1612,Y,0.803,0.548,0.709,0.437,0.233,0.35,15684
bcspwr08,1624,Y,0.62,0.565,0.433,0.453,0.233,0.346,16916
bcspwr09,1723,Y,0.929,0.622,0.498,0.745,0.233,0.353,18485
bcspwr10,5300,Y,1.214,1.213,0.493,0.503,0.238,1.123,60498
bcsstk01,48,Y,0.768,0.759,0.381,0.389,0.335,0.323,1292
bcsstk02,66,Y,0.974,2.784,0.41,0.538,363.583,0.734,4356
bcsstk03,112,Y,0.836,0.48,0.379,0.383,0.192,0.322,1072
bcsstk04,132,Y,1.161,1.527,0.435,0.512,0.526,0.423,11968
bcsstk05,153,Y,0.615,0.697,0.439,0.436,0.35,0.399,7245
bcsstk06,420,Y,1.205,1.077,0.461,0.749,0.351,0.395,23660
bcsstk07,420,Y,0.789,1.03,0.733,0.466,0.348,0.387,23660
bcsstk08,1074,Y,1.909,22.381,1.84,1.771,0.442,0.983,305612
bcsstk09,1083,Y,0.824,1.698,0.536,0.489,0.348,0.364,71289
bcsstk10,1086,Y,1.301,1.91,0.8,0.778,0.532,0.405,54504
bcsstk11,1473,Y,1.678,1.583,0.569,0.545,0.567,0.757,94187
bcsstk12,1473,Y,1.535,1.108,0.562,0.882,0.584,0.563,94187
bcsstk13,2003,Y,2.427,7.844,2.136,1.861,0.769,1.195,396773
bcsstk14,1806,Y,1.532,2.386,1.104,1.257,0.637,0.607,195654
bcsstk15,3948,Y,2.69,3.877,1.862,1.927,0.464,0.83,527688
bcsstk16,4884,Y,4.361,10.568,3.58,3.367,0.868,1.627,1038782
bcsstk17,10974,Y,4.905,12.025,3.741,3.528,0.85,1.848,1406936
bcsstk18,11948,Y,2.776,3.912,2.133,2.106,0.473,1.329,713208
bcsstk19,817,Y,0.704,0.808,0.685,0.677,0.355,0.411,18305
bcsstk20,485,Y,0.569,0.514,0.374,0.699,0.223,0.333,5545
bcsstk21,3600,Y,1.249,1.369,0.612,0.775,0.238,0.472,93072
bcsstk22,138,Y,0.936,0.781,0.655,0.395,0.171,0.321,1552
bcsstk23,3134,Y,1.04,2.647,1.011,0.977,0.374,0.64,220632
bcsstk24,3562,Y,3.071,5.163,1.648,1.918,0.66,1.153,446474
bcsstk25,15439,Y,3.293,6.019,2.486,2.624,0.499,1.855,1168919
bcsstk26,1922,Y,1.049,1.836,0.529,0.573,0.39,0.673,92530
bcsstk27,1224,Y,1.654,3.115,0.898,0.916,0.573,0.761,138106
bcsstk28,4410,Y,2.918,7.322,2.116,2.09,0.794,1.51,596072
bcsstk29,13992,Y,6.788,12.746,4.29,4.35,1.054,1.889,1965686
bcsstk30,28924,Y,18.226,97.938,22.01,16.165,2.548,4.97,8946070
bcsstk31,35588,Y,10.729,24.558,8.02,7.624,1.294,2.845,4713580
bcsstk32,44609,Y,16.477,43.932,12.306,11.901,1.862,3.936,6819653
bcsstk33,8738,Y,6.818,23.37,6.731,6.365,1.667,2.143,2569536
bcsstm01,48,Y,0.505,0.728,0.369,0.649,0.176,0.313,48
bcsstm02,66,Y,0.469,0.438,0.366,0.391,0.172,0.313,66
bcsstm03,112,Y,0.931,0.502,0.362,0.379,0.173,0.332,112
bcsstm04,132,Y,0.624,0.467,0.585,0.629,0.156,0.325,132
bcsstm05,153,Y,0.553,0.817,0.388,0.368,0.185,0.317,153
bcsstm06,420,Y,0.946,0.488,0.668,0.361,0.176,0.327,420
bcsstm07,420,Y,0.676,1.013,0.705,0.431,0.369,0.384,22972
bcsstm08,1074,Y,0.557,0.843,0.47,0.376,0.188,0.339,1074
bcsstm09,1083,Y,0.561,0.797,0.625,0.378,0.174,0.335,1083
bcsstm10,1086,Y,1.031,1.688,0.512,0.496,0.539,0.386,54504
bcsstm11,1473,Y,0.583,0.488,0.377,0.367,0.179,0.331,1473
bcsstm12,1473,Y,1.008,1.228,0.761,0.471,0.377,0.377,53615
bcsstm13,2003,Y,0.876,3.758,0.709,0.722,0.446,0.776,90811
bcsstm19,817,Y,0.594,0.539,0.378,0.379,0.181,0.336,817
bcsstm20,485,Y,0.831,0.475,0.366,0.397,0.182,0.299,485
bcsstm21,3600,Y,0.65,0.89,0.401,0.405,0.188,0.627,3600
bcsstm22,138,Y,0.695,0.835,0.384,0.409,0.191,0.319,138
bcsstm23,3134,Y,0.554,0.48,0.374,0.427,0.183,0.641,3134
bcsstm24,3562,Y,0.923,0.391,0.398,0.655,0.179,0.634,3562
bcsstm25,15439,Y,0.601,0.774,0.5,0.616,0.19,0.53,15439
bcsstm26,1922,Y,0.92,0.737,0.673,0.411,0.188,0.335,1922
bcsstm27,1224,Y,1.38,3.367,0.663,0.965,0.547,0.774,138106
blckhole,2132,Y,0.797,1.203,0.582,0.579,0.229,0.645,41546
bp_0,822,N,0.726,11.926,0.94,1.256,0.254,0.481,9384
bp_1000,822,N,0.846,18.323,1.043,1.281,0.287,0.542,21373
bp_1200,822,N,0.641,18.661,1.309,1.344,0.269,0.515,22313
bp_1400,822,N,0.616,18.185,0.997,1.05,0.27,0.52,23154
bp_1600,822,N,0.633,17.907,1.293,1.026,0.276,0.516,23625
bp_200,822,N,0.643,14.348,0.875,1.266,0.254,0.507,13197
bp_400,822,N,0.606,15.981,1.019,1.038,0.258,0.516,15238
bp_600,822,N,1.002,17.057,1.003,1.181,0.271,0.511,16464
bp_800,822,N,0.646,17.397,0.968,0.977,0.268,0.516,20224
can_1054,1054,Y,0.908,1.478,0.485,0.507,0.385,0.398,60248
can_1072,1072,Y,0.809,1.472,0.494,0.518,0.38,0.379,62316
can_144,144,Y,0.802,0.563,0.378,0.4,0.332,0.335,3456
can_161,161,Y,0.567,0.546,0.631,0.688,0.356,0.341,3761
can_187,187,Y,0.597,0.571,0.669,0.392,0.334,0.345,3719
can_229,229,Y,0.414,0.72,0.435,0.707,0.352,0.341,5017
can_24,24,Y,0.542,0.499,0.389,0.395,0.205,0.318,336
can_256,256,Y,0.657,2.553,0.768,0.532,0.363,0.381,18568
can_268,268,Y,0.891,1.374,0.43,0.431,0.353,0.359,15590
can_292,292,Y,1.007,0.869,0.416,0.426,0.362,0.355,11670
can_445,445,Y,0.946,0.566,0.671,0.398,0.373,0.351,11193
can_61,61,Y,0.827,0.818,0.665,0.365,0.329,0.338,1793
can_62,62,Y,1.095,0.517,0.424,0.697,0.201,0.313,482
can_634,634,Y,1.126,1.145,0.447,0.736,0.362,0.357,25446
can_715,715,Y,0.785,2.526,0.749,0.685,0.393,0.411,39785
can_73,73,Y,0.56,0.846,0.406,0.387,0.209,0.323,1377
can_838,838,Y,0.779,1.235,0.461,0.617,0.369,0.36,51156
can_96,96,Y,0.758,0.857,0.382,0.429,0.334,0.314,1920
