matrix,n,sym,density_pct,cu,Auto,Auto_choice,Ocean,opSparse,HSMU,dense,cublas,cnnz
1138_bus,1138,Y,0.2005,0.295,0.135,merge3,0.222,0.722,0.314,0.814,0.583,11142
494_bus,494,Y,0.4426,0.287,0.115,merge3,0.206,0.582,0.298,0.357,0.313,4062
662_bus,662,Y,0.3578,0.323,0.124,merge3,0.208,0.773,0.76,0.503,0.415,6480
685_bus,685,Y,0.4192,0.347,0.135,merge3,0.221,0.593,0.304,0.546,0.456,9337
arc130,130,N,7.5858,0.341,0.173,merge3,0.377,0.632,0.409,0.217,0.338,15631
ash292,292,Y,1.466,0.316,0.138,merge3,0.203,0.744,0.307,0.24,0.27,6042
ash85,85,Y,4.2076,0.276,0.122,merge3,0.199,0.58,0.293,0.209,0.301,1317
bcspwr01,39,Y,5.5884,0.269,0.136,merge3,0.218,0.557,0.356,0.208,0.255,275
bcspwr02,49,Y,4.4981,0.288,0.117,merge3,0.189,0.774,0.216,0.224,0.252,403
bcspwr03,118,Y,2.133,0.278,0.115,merge3,0.206,0.571,0.303,0.208,0.288,1270
bcspwr04,274,Y,1.2561,0.31,0.154,merge3,0.212,0.864,0.343,0.275,0.326,4982
bcspwr05,443,Y,0.5264,0.293,0.13,merge3,0.246,0.699,0.239,0.37,0.383,4249
bcspwr06,1454,Y,0.1597,0.305,0.139,merge3,0.21,0.787,0.335,1.317,0.733,14110
bcspwr07,1612,Y,0.1431,0.285,0.165,merge3,0.225,0.623,0.249,1.57,0.804,15684
bcspwr08,1624,Y,0.1455,0.306,0.16,merge3,0.215,0.626,0.303,1.642,0.857,16916
bcspwr09,1723,Y,0.1387,0.279,0.137,merge3,0.22,0.723,0.312,2.044,1.03,18485
bcspwr10,5300,Y,0.0483,0.348,0.194,merge3,0.229,0.882,0.956,36.455,10.569,60498
bcsstk01,48,Y,9.7222,0.299,0.113,merge3,0.432,0.812,0.283,0.208,0.304,1292
bcsstk02,66,Y,50.7576,0.322,0.141,merge3,0.853,0.797,0.666,0.241,0.231,4356
bcsstk03,112,Y,2.9974,0.281,0.104,merge3,0.165,0.552,0.301,0.218,0.298,1072
bcsstk04,132,Y,10.8471,0.363,0.156,merge3,0.442,0.611,0.403,0.224,0.313,11968
bcsstk05,153,Y,5.5022,0.34,0.129,merge3,0.322,0.787,0.322,0.241,0.327,7245
bcsstk06,420,Y,2.3469,0.419,0.174,merge3,0.342,0.591,0.347,0.355,0.357,23660
bcsstk07,420,Y,2.3469,0.387,0.156,merge3,0.271,0.583,0.344,0.335,0.356,23660
bcsstk08,1074,Y,0.6083,0.605,0.571,hash,0.423,0.744,0.802,1.016,0.916,305612
bcsstk09,1083,Y,0.8321,0.538,0.173,merge3,0.325,0.483,0.33,0.826,0.603,71289
bcsstk10,1086,Y,0.9817,0.396,0.184,merge3,0.461,0.769,0.358,0.732,0.542,54504
bcsstk11,1473,Y,0.823,0.582,0.195,merge3,0.496,0.623,0.426,1.566,0.874,94187
bcsstk12,1473,Y,0.823,0.633,0.199,merge3,0.496,0.509,0.526,1.568,0.888,94187
bcsstk13,2003,Y,1.0704,0.907,0.833,hash,0.704,0.862,0.929,3.345,1.938,396773
bcsstk14,1806,Y,1.0004,0.834,0.307,merge3,0.602,0.97,0.533,2.439,1.244,195654
bcsstk15,3948,Y,0.3906,1.068,0.334,hash,0.441,1.106,0.781,16.037,5.339,527688
bcsstk16,4884,Y,0.6189,1.782,0.542,hash,0.827,1.138,1.442,29.635,9.022,1038782
bcsstk17,10974,Y,0.1825,2.233,0.702,hash,0.817,1.414,1.745,308.03,81.214,1406936
bcsstk18,11948,Y,0.0564,0.915,0.424,hash,0.453,1.7,1.242,395.992,102.174,713208
bcsstk19,817,Y,0.5745,0.369,0.138,merge3,0.34,0.686,0.31,0.602,0.476,18305
bcsstk20,485,Y,0.7695,0.326,0.14,merge3,0.217,0.979,0.324,0.39,0.39,5545
bcsstk21,3600,Y,0.1165,0.528,0.191,merge3,0.225,0.764,0.426,12.629,4.218,93072
bcsstk22,138,Y,2.1897,0.295,0.131,merge3,0.213,0.683,0.288,0.225,0.272,1552
bcsstk23,3134,Y,0.2459,0.613,0.254,merge3,0.361,1.52,0.532,8.935,3.517,220632
bcsstk24,3562,Y,0.6442,1.135,0.384,hash,0.636,1.05,0.964,12.597,4.662,446474
bcsstk25,15439,Y,0.0561,1.305,0.468,hash,0.481,0.986,1.542,856.818,224.859,1168919
bcsstk26,1922,Y,0.4366,0.54,0.196,merge3,0.381,0.995,0.532,2.682,1.292,92530
bcsstk27,1224,Y,1.914,0.686,0.322,merge3,0.542,0.963,0.671,1.215,0.879,138106
bcsstk28,4410,Y,0.5744,1.465,0.438,hash,0.75,2.049,1.376,21.994,7.493,596072
bcsstk29,13992,Y,0.1618,2.812,0.805,hash,0.965,1.501,1.778,630.856,157.37,1965686
bcsstk30,28924,Y,0.1239,8.568,3.104,hash,2.417,3.12,4.756,5512.62,1412.51,8946070
bcsstk31,35588,Y,0.048,4.928,1.367,hash,1.287,2.161,2.435,10222.8,2621.09,4713580
bcsstk32,44609,Y,0.0517,8.064,2.116,hash,1.66,2.798,3.765,20229.9,5280.69,6819653
bcsstk33,8738,Y,0.3933,2.855,1.025,hash,1.571,1.841,2.306,157.596,43.177,2569536
bcsstm01,48,Y,2.0833,0.273,0.116,merge3,0.166,1.265,0.326,0.205,0.282,48
bcsstm02,66,Y,1.5152,0.28,0.127,merge3,0.168,1.524,0.279,0.215,0.269,66
bcsstm03,112,Y,0.8929,0.27,0.121,merge3,0.17,0.989,0.277,0.222,0.286,112
bcsstm04,132,Y,0.7576,0.258,0.114,merge3,0.172,0.72,0.275,0.221,0.276,132
bcsstm05,153,Y,0.6536,0.258,0.103,merge3,0.172,0.586,0.285,0.229,0.298,153
bcsstm06,420,Y,0.2381,0.272,0.117,merge3,0.172,0.535,0.292,0.317,0.339,420
bcsstm07,420,Y,2.1746,0.409,0.158,merge3,0.347,1.16,0.343,0.341,0.34,22972
bcsstm08,1074,Y,0.0931,0.322,0.116,merge3,0.172,0.982,0.287,0.76,0.534,1074
bcsstm09,1083,Y,0.0923,0.287,0.115,merge3,0.174,0.644,0.289,0.82,0.586,1083
bcsstm10,1086,Y,0.9826,0.446,0.191,merge3,0.501,0.927,0.357,0.763,0.549,54504
bcsstm11,1473,Y,0.0679,0.292,0.121,merge3,0.173,1.21,0.292,1.579,0.871,1473
bcsstm12,1473,Y,0.487,0.407,0.173,merge3,0.359,1.166,0.337,1.553,0.852,53615
bcsstm13,2003,Y,0.2984,0.531,0.295,merge3,0.449,1.143,0.557,3.117,1.599,90811
bcsstm19,817,Y,0.1224,0.292,0.133,merge3,0.172,0.449,0.299,0.596,0.471,817
bcsstm20,485,Y,0.2062,0.276,0.108,merge3,0.173,1.474,0.294,0.381,0.389,485
bcsstm21,3600,Y,0.0278,0.284,0.145,merge3,0.173,1.534,0.476,12.638,4.228,3600
bcsstm22,138,Y,0.7246,0.286,0.109,merge3,0.173,0.849,0.282,0.215,0.275,138
bcsstm23,3134,Y,0.0319,0.288,0.141,merge3,0.176,0.948,0.475,8.834,3.297,3134
bcsstm24,3562,Y,0.0281,0.305,0.144,merge3,0.179,1.117,0.462,12.382,4.357,3562
bcsstm25,15439,Y,0.0065,0.29,0.284,merge3,0.189,0.581,0.563,856.411,224.138,15439
bcsstm26,1922,Y,0.052,0.289,0.13,merge3,0.173,1.343,0.296,2.656,1.292,1922
bcsstm27,1224,Y,1.914,0.693,0.314,merge3,0.542,1.648,0.665,1.216,0.851,138106
blckhole,2132,Y,0.187,0.422,0.202,merge3,0.223,1.781,0.484,3.289,1.37,41546
bp_0,822,N,0.4848,0.294,0.304,hash,0.243,1.419,0.438,0.547,0.433,9384
bp_1000,822,N,0.6898,0.314,0.365,hash,0.258,1.508,0.48,0.554,0.437,21373
bp_1200,822,N,0.6994,0.349,0.38,hash,0.262,1.195,0.476,0.554,0.432,22313
bp_1400,822,N,0.7089,0.314,0.37,hash,0.265,1.395,0.482,0.552,0.436,23154
bp_1600,822,N,0.7165,0.315,0.369,hash,0.267,0.644,0.482,0.558,0.424,23625
bp_200,822,N,0.5627,0.307,0.311,hash,0.256,1.399,0.468,0.566,0.433,13197
bp_400,822,N,0.5961,0.317,0.325,hash,0.256,1.264,0.473,0.56,0.435,15238
bp_600,822,N,0.6174,0.317,0.335,hash,0.256,1.369,0.471,0.548,0.43,16464
bp_800,822,N,0.671,0.34,0.342,hash,0.256,1.647,0.467,0.554,0.442,20224
can_1054,1054,Y,0.5964,0.403,0.188,merge3,0.367,0.703,0.344,0.772,0.55,60248
can_1072,1072,Y,0.5881,0.394,0.176,merge3,0.36,1.497,0.341,0.89,0.664,62316
can_144,144,Y,3.4722,0.286,0.126,merge3,0.329,1.456,0.311,0.23,0.285,3456
can_161,161,Y,2.9667,0.273,0.135,merge3,0.328,0.732,0.305,0.243,0.304,3761
can_187,187,Y,2.3993,0.291,0.124,merge3,0.321,1.134,0.296,0.262,0.307,3719
can_229,229,Y,1.9126,0.289,0.146,merge3,0.326,0.933,0.303,0.266,0.316,5017
can_24,24,Y,15.9722,0.267,0.118,merge3,0.2,1.219,0.28,0.206,0.294,336
can_256,256,Y,2.42,0.304,0.174,merge3,0.347,1.196,0.359,0.32,0.356,18568
can_268,268,Y,2.3321,0.305,0.154,merge3,0.343,1.73,0.321,0.284,0.318,15590
can_292,292,Y,1.6607,0.315,0.131,merge3,0.349,0.761,0.325,0.285,0.321,11670
can_445,445,Y,1.0741,0.315,0.149,merge3,0.334,0.893,0.321,0.373,0.386,11193
can_61,61,Y,8.3042,0.295,0.123,merge3,0.319,0.854,0.312,0.21,0.305,1793
can_62,62,Y,3.642,0.292,0.122,merge3,0.196,0.875,0.29,0.205,0.291,482
can_634,634,Y,0.978,0.389,0.145,merge3,0.357,0.753,0.332,0.449,0.398,25446
can_715,715,Y,0.7218,0.381,0.276,merge3,0.38,1.138,0.378,0.559,0.468,39785
can_73,73,Y,4.2222,0.282,0.127,merge3,0.205,1.022,0.286,0.208,0.288,1377
can_838,838,Y,0.7724,0.387,0.155,merge3,0.357,0.734,0.351,0.584,0.449,51156
can_96,96,Y,4.6875,0.284,0.12,merge3,0.317,0.953,0.292,0.205,0.283,1920
